62,5.622,51
135,5.591,30
81,5.476,21
85,5.459,25
88,5.446,34
39,5.425,27
45,5.381,41
101,5.379,54
65,5.372,22
16,5.363,55
57,5.337,44
35,5.33,27
29,5.328,30
74,5.323,45
38,5.305,26
85,5.302,55
25,5.294,39
45,5.277,23
24,5.277,34
139,5.271,47
72,5.27,54
52,5.269,45
28,5.268,29
58,5.235,28
16,5.215,38
17,5.211,27
55,5.203,55
4,5.201,
4,5.2,
14,5.194,55
27,5.188,29
92,5.186,24
43,5.183,37
55,5.179,32
7,5.179,53
21,5.179,34
37,5.167,51
11,5.162,35
13,5.158,36
5,5.158,22
56,5.154,48
19,5.143,27
33,5.121,44
25,5.121,53
65,5.115,53
92,5.113,47
30,5.113,29
23,5.113,41
4,5.112,
4,5.112,
26,5.109,25
17,5.109,48
15,5.104,30
124,5.101,23
3,5.1,
34,5.099,32
61,5.098,29
152,5.098,32
45,5.087,36
9,5.083,54
10,5.083,45
5,5.077,25
75,5.077,45
31,5.073,47
52,5.072,39
14,5.071,50
15,5.071,29
102,5.07,68
44,5.066,33
22,5.062,44
26,5.061,34
40,5.059,27
53,5.056,27
32,5.054,58
11,5.053,26
33,5.052,29
18,5.051,43
48,5.05,29
5,5.047,43
21,5.045,28
20,5.045,56
47,5.043,53
31,5.042,46
57,5.04,53
32,5.038,51
30,5.038,46
27,5.032,
56,5.032,57
5,5.028,
13,5.024,68
20,5.024,44
13,5.023,
70,5.016,44
70,5.016,25
13,5.014,38
9,5.013,60
15,5.012,43
6,5.011,25
9,5.009,31
9,5.009,
34,5.008,32
6,5.008,
6,5.008,
4,5.007,55
42,5.001,24
34,5.001,71
1,5.001,
1,5.001,
4,5,25
22,5,24
3,5,
7,5,
2,5,
38,4.998,26
6,4.997,52
18,4.997,27
4,4.996,
3,4.995,
5,4.993,18
49,4.991,50
2,4.991,
3,4.988,
3,4.988,36
22,4.986,41
7,4.986,
9,4.986,36
13,4.985,29
8,4.981,51
45,4.98,48
32,4.978,49
4,4.978,48
4,4.976,49
5,4.975,
21,4.975,54
3,4.973,54
17,4.972,70
4,4.972,34
59,4.971,60
51,4.971,70
6,4.97,45
4,4.967,38
14,4.967,62
27,4.965,44
19,4.964,66
5,4.961,
3,4.96,52
40,4.959,54
14,4.959,38
48,4.958,29
18,4.957,25
2,4.957,
2,4.955,
2,4.953,22
2,4.953,35
7,4.952,54
35,4.95,25
9,4.947,25
115,4.947,39
3,4.946,
16,4.943,17
11,4.943,66
43,4.943,58
14,4.943,21
33,4.942,45
6,4.939,20
24,4.939,56
4,4.938,
4,4.938,
2,4.938,28
18,4.937,50
6,4.933,57
9,4.933,61
5,4.932,
3,4.932,
6,4.932,26
25,4.931,55
13,4.926,67
11,4.925,36
38,4.92,44
22,4.92,45
2,4.919,
2,4.919,
6,4.917,37
14,4.916,50
3,4.915,46
50,4.914,46
77,4.909,49
15,4.907,58
3,4.906,69
4,4.905,53
2,4.905,33
4,4.905,
1,4.903,59
7,4.902,43
66,4.902,38
2,4.902,39
26,4.901,36
4,4.9,36
4,4.9,39
2,4.9,
2,4.9,
1,4.9,54
25,4.899,24
3,4.897,
10,4.897,15
10,4.896,
4,4.896,26
3,4.892,
3,4.892,
33,4.892,63
4,4.889,26
31,4.885,50
49,4.885,47
27,4.884,23
19,4.882,61
10,4.881,12
45,4.881,53
19,4.881,39
40,4.88,16
7,4.88,26
49,4.879,65
2,4.879,
2,4.879,
32,4.878,59
6,4.878,
6,4.878,
2,4.878,
2,4.878,
22,4.877,51
5,4.875,32
5,4.875,26
26,4.874,30
4,4.872,
4,4.872,
2,4.872,
2,4.872,
25,4.871,36
6,4.866,47
18,4.866,34
23,4.866,62
37,4.866,45
63,4.865,33
3,4.861,28
6,4.86,42
36,4.86,61
5,4.86,
61,4.857,54
11,4.856,45
13,4.856,17
8,4.852,
24,4.852,48
4,4.851,41
4,4.851,37
3,4.85,
3,4.85,
39,4.85,65
7,4.845,47
4,4.844,60
51,4.844,49
44,4.842,46
28,4.841,49
46,4.839,42
6,4.839,
46,4.839,58
2,4.838,26
2,4.838,36
9,4.836,54
25,4.836,64
5,4.836,42
2,4.836,
2,4.836,
43,4.836,52
2,4.835,
30,4.832,33
10,4.831,25
3,4.831,36
3,4.831,37
51,4.831,43
8,4.83,
58,4.829,32
10,4.829,60
2,4.828,28
12,4.826,56
2,4.825,62
79,4.823,62
20,4.822,21
7,4.822,61
42,4.821,59
31,4.821,40
7,4.819,36
12,4.818,31
10,4.817,36
20,4.816,37
7,4.816,62
49,4.815,62
23,4.815,74
14,4.814,43
3,4.814,
6,4.813,29
16,4.811,50
2,4.81,
2,4.81,
4,4.81,69
20,4.81,64
6,4.81,24
2,4.809,38
34,4.808,54
2,4.808,50
4,4.807,54
38,4.807,65
14,4.806,34
12,4.806,44
8,4.805,41
2,4.804,37
84,4.804,69
40,4.803,21
3,4.802,
3,4.802,64
14,4.802,46
2,4.801,69
3,4.801,
3,4.801,
7,4.801,
4,4.801,
2,4.801,64
4,4.801,
12,4.801,
2,4.8,49
2,4.8,63
5,4.8,
5,4.8,
2,4.8,60
4,4.8,55
2,4.8,54
2,4.8,51
8,4.8,64
3,4.8,72
2,4.8,
2,4.8,
2,4.8,68
5,4.8,24
5,4.794,34
17,4.794,35
40,4.792,59
6,4.79,
41,4.787,31
9,4.787,46
40,4.787,67
3,4.787,
11,4.786,56
41,4.783,47
48,4.783,46
6,4.778,
23,4.777,66
64,4.776,51
15,4.776,26
14,4.776,33
15,4.772,33
25,4.767,68
32,4.767,67
22,4.766,32
42,4.765,46
31,4.765,50
37,4.763,24
95,4.761,44
19,4.759,27
28,4.758,59
19,4.755,44
26,4.75,51
7,4.749,37
24,4.749,49
28,4.749,26
66,4.749,35
8,4.749,58
50,4.747,62
12,4.745,56
58,4.744,67
29,4.744,66
17,4.741,39
46,4.741,65
43,4.74,39
4,4.739,
49,4.737,34
19,4.736,40
5,4.735,34
5,4.735,59
28,4.735,36
4,4.734,45
4,4.734,
15,4.731,48
13,4.731,33
13,4.731,32
110,4.73,61
25,4.728,55
9,4.728,
20,4.726,56
6,4.726,62
43,4.725,59
8,4.723,58
36,4.723,62
5,4.721,65
18,4.721,54
12,4.721,56
25,4.721,19
29,4.72,49
27,4.718,58
7,4.716,
26,4.714,40
26,4.714,66
17,4.712,34
16,4.71,
40,4.709,62
33,4.707,62
5,4.706,52
11,4.705,57
17,4.704,64
13,4.703,23
10,4.702,65
34,4.701,67
10,4.701,70
7,4.7,
26,4.698,43
51,4.698,42
6,4.697,
6,4.697,
96,4.697,42
16,4.697,54
48,4.696,37
7,4.695,44
14,4.694,28
4,4.694,44
26,4.693,58
17,4.692,50
17,4.69,22
41,4.689,37
10,4.689,30
4,4.688,53
84,4.688,57
46,4.685,60
19,4.685,53
7,4.685,59
61,4.685,56
18,4.68,45
8,4.679,59
34,4.679,55
35,4.679,45
66,4.678,61
15,4.677,35
3,4.676,47
20,4.674,
24,4.672,39
13,4.672,33
21,4.671,25
5,4.671,
27,4.669,52
24,4.668,55
63,4.668,44
42,4.667,61
16,4.665,52
18,4.664,35
122,4.663,54
52,4.661,32
22,4.66,47
10,4.66,46
10,4.66,15
11,4.657,43
35,4.656,41
15,4.656,62
22,4.655,76
17,4.654,58
48,4.652,18
4,4.651,
7,4.65,30
10,4.65,46
6,4.649,27
53,4.649,43
20,4.649,43
47,4.648,57
38,4.648,45
18,4.646,27
27,4.644,52
10,4.643,59
17,4.641,39
17,4.641,40
18,4.64,57
29,4.64,55
85,4.64,61
11,4.64,30
18,4.639,41
7,4.639,63
49,4.639,58
18,4.639,65
112,4.638,65
67,4.636,68
14,4.636,41
17,4.636,40
7,4.635,52
10,4.635,48
30,4.635,58
9,4.633,51
34,4.631,56
8,4.63,
4,4.629,
21,4.629,52
16,4.628,66
8,4.627,68
46,4.626,51
5,4.625,48
20,4.625,61
7,4.625,67
54,4.622,41
7,4.622,53
16,4.622,53
8,4.62,49
11,4.619,34
38,4.618,56
26,4.618,56
30,4.616,63
5,4.616,
12,4.615,30
42,4.614,71
78,4.614,58
6,4.614,29
20,4.611,67
24,4.611,40
6,4.61,34
36,4.61,54
25,4.608,23
19,4.606,50
15,4.606,65
7,4.606,
148,4.606,52
4,4.604,
12,4.604,58
14,4.603,63
6,4.602,49
4,4.601,63
9,4.601,36
12,4.599,41
19,4.598,75
43,4.597,67
5,4.596,
17,4.594,41
7,4.592,44
55,4.591,56
39,4.591,22
15,4.589,58
3,4.589,58
11,4.589,66
23,4.588,33
19,4.588,40
9,4.588,45
5,4.587,57
7,4.586,
7,4.586,
6,4.583,32
19,4.583,28
6,4.581,46
19,4.581,60
20,4.581,43
7,4.579,47
14,4.579,54
65,4.578,64
9,4.577,37
34,4.577,65
11,4.577,50
5,4.577,
6,4.576,68
4,4.576,
19,4.576,65
128,4.576,47
11,4.575,47
6,4.574,48
6,4.574,38
24,4.574,
14,4.571,60
14,4.571,64
67,4.571,63
5,4.57,47
5,4.57,35
25,4.57,46
18,4.57,46
13,4.569,27
8,4.569,46
14,4.568,64
4,4.568,
41,4.567,53
3,4.564,21
6,4.563,41
4,4.563,
15,4.562,66
37,4.561,55
12,4.56,52
10,4.559,43
13,4.557,31
7,4.557,58
12,4.556,72
36,4.554,51
36,4.554,52
16,4.553,68
16,4.553,68
8,4.553,33
7,4.552,37
14,4.551,50
39,4.55,42
11,4.547,32
6,4.547,40
99,4.547,61
33,4.547,59
11,4.547,66
3,4.546,51
53,4.545,67
8,4.545,54
32,4.545,62
80,4.545,57
3,4.545,28
85,4.543,33
27,4.543,41
6,4.543,
28,4.542,46
24,4.542,66
94,4.541,61
4,4.54,
32,4.54,54
5,4.539,68
3,4.539,
84,4.539,60
48,4.538,33
62,4.537,48
5,4.535,31
19,4.535,41
24,4.534,61
5,4.534,
4,4.534,47
4,4.534,64
48,4.534,60
24,4.533,38
4,4.533,56
4,4.532,37
21,4.531,43
10,4.531,55
8,4.531,65
9,4.53,60
47,4.529,46
80,4.529,61
47,4.528,59
22,4.528,60
9,4.528,65
45,4.527,48
36,4.527,50
5,4.527,40
5,4.527,
19,4.525,66
5,4.524,
50,4.522,56
4,4.522,
21,4.52,46
12,4.519,64
13,4.519,67
20,4.518,66
7,4.518,44
64,4.517,38
17,4.517,74
5,4.515,
9,4.515,
28,4.514,43
101,4.514,58
50,4.514,72
80,4.512,58
12,4.511,38
21,4.511,51
29,4.51,63
65,4.51,57
7,4.509,64
40,4.509,28
3,4.509,54
5,4.508,60
28,4.508,50
3,4.506,
6,4.505,65
15,4.505,53
9,4.504,36
23,4.504,45
7,4.503,58
3,4.503,25
8,4.503,48
8,4.503,57
11,4.502,53
11,4.502,71
3,4.502,35
3,4.502,47
6,4.501,25
4,4.501,69
16,4.5,50
4,4.5,30
4,4.5,43
17,4.5,58
3,4.5,29
4,4.5,70
5,4.5,70
2,4.5,31
4,4.5,56
2,4.5,35
2,4.5,
6,4.5,41
2,4.5,
2,4.499,
2,4.499,54
4,4.499,71
7,4.499,62
4,4.499,59
3,4.498,57
2,4.498,40
2,4.498,
3,4.497,36
7,4.496,50
2,4.496,35
2,4.495,69
3,4.495,
3,4.495,
14,4.495,38
2,4.495,23
2,4.495,45
5,4.494,
3,4.493,58
5,4.493,37
5,4.493,36
10,4.492,44
7,4.492,54
21,4.492,30
8,4.491,43
8,4.49,26
2,4.489,69
55,4.488,56
13,4.488,50
10,4.488,28
31,4.488,38
4,4.487,
3,4.485,51
11,4.485,44
23,4.484,33
4,4.484,24
4,4.483,70
9,4.481,59
8,4.481,19
7,4.481,
11,4.48,44
2,4.479,
61,4.479,62
5,4.479,46
8,4.478,58
5,4.477,43
2,4.477,26
2,4.477,61
8,4.477,47
45,4.476,64
38,4.476,42
2,4.476,
23,4.475,62
9,4.475,72
6,4.475,29
28,4.475,43
81,4.475,61
6,4.474,61
17,4.472,67
2,4.471,
2,4.471,
10,4.471,44
3,4.47,
27,4.47,64
7,4.47,38
24,4.469,48
17,4.469,50
14,4.469,68
12,4.469,50
58,4.468,62
2,4.468,46
15,4.468,65
8,4.467,61
8,4.466,25
79,4.466,52
17,4.465,47
2,4.464,55
12,4.464,73
25,4.463,50
7,4.463,50
4,4.463,
9,4.462,44
10,4.462,59
2,4.461,46
4,4.461,64
5,4.461,
11,4.461,38
4,4.46,47
32,4.459,58
19,4.459,56
27,4.458,56
21,4.458,61
13,4.457,60
56,4.457,54
35,4.456,57
10,4.456,55
18,4.456,55
33,4.455,47
4,4.454,52
11,4.454,39
8,4.454,44
5,4.454,37
5,4.454,44
3,4.453,64
10,4.453,29
4,4.453,
3,4.453,
3,4.452,67
60,4.452,65
5,4.452,
5,4.452,
19,4.452,54
27,4.45,63
2,4.449,69
3,4.449,55
4,4.446,31
8,4.446,54
29,4.446,60
30,4.445,46
39,4.444,62
100,4.444,63
14,4.444,47
10,4.443,22
3,4.442,28
3,4.442,52
3,4.441,30
5,4.441,47
8,4.44,64
28,4.44,27
2,4.439,47
2,4.439,56
52,4.439,65
6,4.439,33
7,4.438,64
38,4.438,33
31,4.438,52
2,4.438,53
17,4.437,29
7,4.437,31
32,4.436,20
10,4.436,31
5,4.436,49
9,4.434,
5,4.433,59
26,4.433,25
9,4.43,28
6,4.429,35
50,4.428,64
18,4.424,63
17,4.421,58
2,4.421,67
22,4.421,28
2,4.421,46
4,4.419,
20,4.419,62
20,4.419,64
20,4.419,45
20,4.419,47
6,4.418,64
62,4.418,65
13,4.418,27
11,4.418,42
4,4.417,63
19,4.417,26
34,4.417,68
19,4.417,70
48,4.416,54
5,4.416,52
14,4.416,52
22,4.416,
7,4.415,58
2,4.415,22
26,4.415,40
25,4.413,66
2,4.413,
2,4.413,
15,4.413,29
25,4.413,69
29,4.413,53
4,4.412,26
4,4.412,30
19,4.411,63
2,4.41,
6,4.41,53
56,4.409,56
35,4.408,68
5,4.408,65
10,4.407,43
2,4.407,53
2,4.407,21
7,4.406,57
6,4.406,
4,4.406,51
26,4.406,64
2,4.405,69
2,4.405,68
26,4.404,63
10,4.403,47
2,4.402,60
11,4.402,62
11,4.402,51
53,4.402,63
2,4.402,36
2,4.401,65
4,4.401,54
6,4.401,61
2,4.401,
2,4.4,59
4,4.4,51
4,4.4,
23,4.4,66
2,4.4,
2,4.4,54
30,4.4,69
3,4.4,45
5,4.4,56
49,4.399,65
12,4.398,73
4,4.398,58
5,4.397,77
6,4.396,68
7,4.396,
44,4.395,60
11,4.394,
2,4.394,67
9,4.393,67
38,4.393,61
16,4.393,66
26,4.392,43
2,4.392,40
9,4.392,55
19,4.39,66
3,4.389,25
4,4.389,36
50,4.388,58
5,4.388,74
41,4.387,66
2,4.387,62
36,4.387,61
55,4.386,58
4,4.385,58
9,4.385,69
13,4.385,56
15,4.385,64
53,4.384,42
3,4.384,61
54,4.382,62
27,4.381,64
8,4.381,70
22,4.38,46
47,4.379,64
22,4.378,57
9,4.378,31
56,4.377,81
37,4.376,57
8,4.376,47
12,4.374,64
3,4.374,
8,4.373,70
28,4.373,32
2,4.372,
19,4.372,51
3,4.369,
20,4.368,30
6,4.367,63
6,4.367,64
11,4.367,
30,4.367,40
8,4.366,40
51,4.366,12
16,4.365,57
23,4.365,59
23,4.365,57
37,4.364,64
47,4.364,27
3,4.364,32
74,4.363,71
16,4.363,53
8,4.362,55
2,4.361,40
53,4.361,50
7,4.361,61
6,4.36,22
21,4.36,54
45,4.359,58
2,4.358,
19,4.357,54
19,4.356,70
2,4.356,
2,4.356,
27,4.355,55
4,4.355,
39,4.355,67
3,4.353,
3,4.353,
20,4.353,34
12,4.353,41
92,4.353,55
12,4.351,57
13,4.351,50
11,4.349,66
82,4.349,68
18,4.348,52
17,4.348,63
12,4.347,34
15,4.346,69
19,4.346,65
14,4.346,73
10,4.345,51
17,4.344,65
26,4.344,68
72,4.344,63
8,4.344,70
30,4.343,67
3,4.343,45
3,4.343,29
16,4.342,45
25,4.342,65
21,4.341,71
63,4.341,44
2,4.341,53
87,4.34,65
2,4.339,46
2,4.339,
2,4.339,
2,4.339,
43,4.338,62
31,4.338,55
4,4.337,39
12,4.337,37
27,4.336,53
14,4.336,70
8,4.336,49
7,4.335,
2,4.334,
27,4.334,24
4,4.333,40
16,4.333,60
54,4.332,49
56,4.331,67
35,4.331,55
4,4.331,71
6,4.33,
16,4.33,69
5,4.329,57
110,4.329,70
3,4.329,64
33,4.327,69
4,4.326,61
5,4.325,
4,4.325,40
4,4.325,40
32,4.324,62
33,4.323,67
30,4.322,60
11,4.322,44
38,4.321,41
12,4.32,49
27,4.319,73
78,4.318,64
23,4.318,32
6,4.316,64
10,4.315,58
27,4.315,62
58,4.315,55
13,4.315,61
30,4.315,63
5,4.314,57
6,4.314,60
27,4.314,47
8,4.31,67
9,4.309,59
6,4.309,67
8,4.309,65
11,4.308,60
4,4.307,60
30,4.307,45
4,4.307,59
10,4.307,60
2,4.306,
46,4.306,59
23,4.306,57
28,4.306,69
5,4.305,
55,4.305,67
7,4.304,41
27,4.304,71
4,4.304,59
2,4.303,
6,4.302,62
5,4.302,55
5,4.302,56
7,4.302,64
7,4.302,62
8,4.302,45
2,4.302,74
8,4.301,38
48,4.301,55
4,4.301,70
5,4.301,47
4,4.301,55
2,4.3,69
13,4.3,54
13,4.3,36
6,4.3,65
4,4.3,68
3,4.3,
3,4.3,25
4,4.3,69
5,4.3,26
5,4.299,
35,4.299,63
25,4.298,59
5,4.297,67
109,4.297,44
8,4.297,63
10,4.296,61
12,4.292,
6,4.292,24
5,4.291,57
20,4.291,39
7,4.291,71
8,4.288,68
49,4.288,62
3,4.287,77
61,4.287,60
3,4.287,39
11,4.286,48
11,4.286,20
22,4.286,66
18,4.286,46
43,4.284,45
43,4.284,41
22,4.283,68
24,4.282,
51,4.281,65
6,4.28,56
6,4.279,67
30,4.279,30
6,4.279,47
10,4.279,55
60,4.278,57
41,4.278,67
28,4.276,51
12,4.274,56
20,4.274,66
11,4.273,69
34,4.273,52
9,4.271,46
11,4.271,26
52,4.27,64
27,4.27,43
148,4.269,62
4,4.269,64
41,4.268,58
33,4.268,24
10,4.267,64
16,4.267,47
19,4.266,41
19,4.266,43
12,4.265,48
12,4.265,46
26,4.265,56
55,4.263,55
27,4.263,68
18,4.263,
9,4.263,74
13,4.263,53
30,4.262,46
11,4.261,25
5,4.261,66
28,4.26,20
11,4.258,69
13,4.258,29
7,4.258,
11,4.258,51
4,4.256,
8,4.256,68
10,4.255,70
18,4.255,36
9,4.254,69
37,4.253,63
15,4.253,42
38,4.252,63
26,4.252,64
11,4.251,53
31,4.251,54
24,4.248,38
10,4.248,59
12,4.247,53
4,4.247,60
14,4.247,41
7,4.245,63
14,4.245,71
17,4.244,60
38,4.244,66
20,4.243,52
30,4.243,59
33,4.243,67
16,4.241,69
46,4.24,70
14,4.239,52
14,4.237,18
11,4.237,47
8,4.237,63
19,4.236,63
3,4.236,66
6,4.236,53
18,4.236,72
16,4.235,67
15,4.234,33
3,4.234,52
3,4.234,52
7,4.234,62
23,4.233,30
23,4.233,65
8,4.231,52
113,4.231,69
15,4.231,56
27,4.23,70
6,4.229,43
57,4.228,69
21,4.228,62
8,4.227,66
6,4.227,62
47,4.226,65
35,4.226,62
9,4.226,59
11,4.225,39
19,4.225,31
6,4.225,
28,4.225,
12,4.224,19
18,4.224,69
9,4.224,
12,4.224,57
21,4.224,51
74,4.223,52
19,4.22,47
26,4.219,76
89,4.219,69
18,4.219,54
4,4.219,37
4,4.219,35
18,4.218,52
42,4.218,59
7,4.218,56
7,4.218,58
9,4.216,30
7,4.216,66
33,4.214,60
42,4.214,68
13,4.214,69
18,4.212,73
61,4.211,65
29,4.211,29
16,4.21,42
5,4.21,
4,4.21,68
19,4.21,26
46,4.209,70
48,4.209,62
12,4.208,62
13,4.206,
28,4.206,60
9,4.206,64
6,4.206,
7,4.206,51
12,4.205,29
17,4.204,43
6,4.203,66
13,4.203,54
11,4.202,
5,4.202,
10,4.201,71
4,4.2,
4,4.2,
4,4.2,49
72,4.2,70
6,4.198,55
41,4.198,70
47,4.198,56
37,4.197,70
6,4.196,66
4,4.196,39
4,4.196,
4,4.196,
4,4.196,
60,4.195,62
15,4.193,61
39,4.193,66
7,4.191,30
8,4.19,44
8,4.19,40
6,4.19,68
15,4.189,
6,4.188,61
28,4.187,63
9,4.187,58
12,4.187,71
16,4.185,60
16,4.185,63
57,4.184,62
5,4.184,35
4,4.184,58
32,4.184,62
45,4.183,56
41,4.182,63
31,4.181,55
45,4.181,65
12,4.18,61
17,4.18,44
27,4.18,68
11,4.179,
7,4.179,44
12,4.178,21
37,4.177,13
13,4.177,34
4,4.177,60
3,4.176,46
23,4.176,34
16,4.176,59
28,4.175,61
36,4.175,57
11,4.175,54
4,4.175,51
4,4.175,43
17,4.174,68
49,4.174,32
8,4.173,61
6,4.172,33
8,4.172,63
22,4.172,41
8,4.171,69
10,4.171,45
6,4.171,58
10,4.17,24
49,4.168,57
19,4.168,60
19,4.167,59
32,4.167,70
11,4.167,67
10,4.166,67
7,4.166,
7,4.166,
21,4.166,63
7,4.166,73
103,4.166,52
16,4.164,62
15,4.163,57
9,4.163,48
21,4.163,70
4,4.162,36
41,4.162,71
4,4.162,35
4,4.162,36
22,4.161,52
9,4.161,66
19,4.16,60
28,4.16,57
11,4.159,57
32,4.159,48
12,4.157,58
7,4.157,37
17,4.157,60
6,4.157,26
6,4.155,74
4,4.155,
10,4.154,63
49,4.154,56
5,4.154,
7,4.153,33
7,4.153,46
16,4.153,67
42,4.153,24
5,4.153,55
7,4.153,51
6,4.152,69
7,4.151,58
4,4.15,25
4,4.15,56
9,4.15,60
5,4.149,28
6,4.149,61
16,4.149,57
10,4.148,30
7,4.148,
16,4.147,57
9,4.147,33
8,4.147,67
5,4.146,65
5,4.146,66
8,4.145,40
32,4.144,65
9,4.143,68
14,4.143,71
19,4.143,43
35,4.141,69
3,4.141,70
3,4.141,73
4,4.141,37
6,4.141,36
11,4.141,52
19,4.14,62
8,4.14,58
4,4.139,55
10,4.139,69
14,4.138,70
9,4.137,63
8,4.137,59
4,4.137,53
4,4.137,50
27,4.135,48
18,4.135,43
4,4.135,
9,4.135,64
11,4.134,36
31,4.134,59
13,4.134,47
40,4.133,66
30,4.133,57
5,4.132,66
4,4.132,68
148,4.132,70
13,4.132,61
23,4.132,66
17,4.131,53
16,4.131,35
9,4.131,31
13,4.13,63
17,4.13,64
17,4.13,42
5,4.13,31
5,4.13,29
4,4.129,
4,4.129,
9,4.129,25
17,4.128,52
3,4.128,59
10,4.128,65
10,4.126,69
19,4.126,65
20,4.124,38
102,4.123,68
30,4.123,66
6,4.123,57
4,4.122,
35,4.122,64
13,4.121,61
49,4.12,65
59,4.12,64
6,4.12,
42,4.12,65
6,4.119,53
35,4.119,62
15,4.119,58
4,4.118,63
14,4.118,57
38,4.118,67
4,4.118,
10,4.117,66
13,4.117,40
4,4.117,39
70,4.115,70
47,4.115,63
6,4.115,61
6,4.115,59
12,4.115,59
6,4.115,61
17,4.115,22
9,4.114,60
24,4.113,59
76,4.113,65
26,4.113,39
4,4.113,56
12,4.113,53
16,4.112,23
9,4.112,28
10,4.112,
33,4.112,42
17,4.112,56
4,4.112,22
9,4.111,32
64,4.11,71
5,4.11,28
10,4.11,59
29,4.11,74
34,4.109,47
43,4.108,53
25,4.108,66
10,4.107,65
20,4.107,42
16,4.107,56
5,4.106,28
5,4.106,58
4,4.106,27
4,4.106,59
23,4.105,66
17,4.105,48
4,4.104,66
11,4.104,58
5,4.103,62
18,4.103,70
30,4.103,58
26,4.103,48
5,4.103,65
23,4.102,55
9,4.102,57
21,4.102,59
6,4.101,
8,4.1,77
4,4.1,62
6,4.1,32
24,4.1,68
3,4.1,37
3,4.1,69
3,4.099,33
14,4.099,65
3,4.098,65
10,4.098,69
8,4.098,68
7,4.098,51
7,4.098,42
3,4.098,24
5,4.097,70
5,4.097,
6,4.097,
21,4.097,61
11,4.097,46
61,4.097,15
11,4.097,45
4,4.097,23
3,4.096,
50,4.096,68
19,4.095,66
28,4.095,57
3,4.095,66
12,4.095,68
19,4.095,65
10,4.093,48
6,4.093,49
4,4.092,66
5,4.092,44
60,4.092,61
13,4.092,70
3,4.092,66
51,4.092,45
9,4.092,20
19,4.092,41
4,4.092,55
3,4.091,69
39,4.091,63
3,4.09,64
7,4.09,47
9,4.09,63
3,4.09,55
3,4.09,58
28,4.089,61
6,4.089,47
4,4.089,
3,4.089,52
83,4.088,62
11,4.088,61
11,4.088,71
33,4.087,66
5,4.087,63
10,4.086,64
11,4.086,38
5,4.085,
3,4.085,42
67,4.085,67
7,4.084,
14,4.084,76
5,4.084,66
9,4.083,62
3,4.083,74
6,4.083,46
6,4.083,
14,4.082,
8,4.082,52
4,4.082,43
15,4.082,76
16,4.081,44
22,4.081,63
6,4.081,73
25,4.08,60
4,4.08,
3,4.08,73
3,4.079,
22,4.079,73
10,4.079,74
3,4.079,28
6,4.078,23
9,4.078,64
25,4.078,75
6,4.077,61
10,4.077,33
26,4.076,53
56,4.076,67
8,4.076,58
15,4.075,
56,4.075,60
3,4.075,53
3,4.075,62
26,4.075,58
4,4.075,
41,4.074,55
8,4.074,38
20,4.074,72
12,4.074,52
27,4.073,61
4,4.073,62
40,4.073,67
3,4.072,68
4,4.072,65
20,4.072,
10,4.071,57
78,4.071,69
5,4.071,
4,4.07,23
9,4.07,18
7,4.07,44
6,4.07,68
81,4.07,63
5,4.069,
3,4.069,60
4,4.069,43
13,4.069,57
5,4.069,60
5,4.069,54
10,4.068,70
3,4.067,62
14,4.067,65
3,4.066,68
14,4.066,50
25,4.065,64
7,4.065,65
8,4.065,74
11,4.064,
40,4.064,48
10,4.064,64
5,4.064,62
4,4.063,37
4,4.063,73
9,4.063,42
55,4.062,67
6,4.062,69
13,4.062,34
5,4.062,28
12,4.061,63
4,4.061,52
50,4.06,58
28,4.06,34
28,4.06,43
4,4.06,64
4,4.06,65
41,4.059,61
18,4.058,69
4,4.058,
23,4.057,45
10,4.057,65
10,4.056,
27,4.056,65
8,4.056,41
5,4.055,57
5,4.055,56
4,4.055,58
4,4.055,
6,4.055,
10,4.054,43
3,4.054,60
10,4.054,43
12,4.054,62
13,4.054,53
4,4.053,
8,4.053,
11,4.052,71
8,4.052,63
50,4.052,62
13,4.052,53
25,4.051,72
36,4.051,59
6,4.051,65
18,4.05,58
41,4.05,45
4,4.05,49
4,4.05,60
25,4.05,61
9,4.05,56
24,4.05,69
5,4.049,17
30,4.049,67
36,4.049,57
6,4.049,
10,4.048,
41,4.048,63
11,4.048,58
20,4.047,79
64,4.047,52
5,4.047,18
9,4.047,83
6,4.046,59
6,4.046,41
12,4.046,29
3,4.046,65
28,4.046,61
48,4.046,70
11,4.045,70
42,4.045,66
8,4.045,67
33,4.044,65
13,4.043,
9,4.043,46
9,4.043,
38,4.043,69
9,4.043,62
36,4.043,58
5,4.041,59
5,4.041,18
16,4.041,68
7,4.041,65
20,4.04,63
9,4.039,51
6,4.039,44
3,4.039,50
27,4.036,66
5,4.036,47
29,4.035,72
28,4.035,64
5,4.035,50
5,4.035,26
7,4.034,
5,4.034,
13,4.034,62
7,4.034,67
3,4.034,65
32,4.034,53
13,4.034,65
10,4.033,
20,4.033,62
8,4.033,
8,4.032,55
11,4.032,22
8,4.032,64
8,4.032,53
3,4.03,
11,4.03,65
5,4.03,
5,4.03,
14,4.03,64
7,4.03,54
14,4.029,57
8,4.029,70
14,4.029,65
7,4.029,55
4,4.028,72
5,4.028,67
12,4.028,73
4,4.027,24
3,4.027,28
34,4.027,49
14,4.026,47
4,4.026,
4,4.026,
6,4.026,
6,4.026,
10,4.025,66
25,4.025,53
3,4.025,63
10,4.025,55
8,4.025,36
9,4.024,41
9,4.024,54
7,4.024,72
8,4.023,70
29,4.023,66
13,4.023,35
51,4.023,63
10,4.023,68
6,4.022,
6,4.022,
7,4.022,65
9,4.022,64
9,4.022,64
3,4.022,
72,4.022,68
8,4.021,48
4,4.021,
27,4.021,70
64,4.021,64
5,4.02,57
5,4.02,52
7,4.02,72
4,4.02,
13,4.02,58
5,4.019,52
3,4.018,46
71,4.018,64
18,4.018,47
9,4.017,45
18,4.017,42
12,4.016,60
3,4.016,
12,4.016,62
6,4.016,69
9,4.016,65
19,4.016,64
5,4.016,
5,4.016,66
4,4.016,67
16,4.016,54
4,4.015,64
6,4.015,42
3,4.015,52
18,4.015,73
4,4.014,63
16,4.014,61
3,4.013,49
6,4.013,
18,4.012,61
5,4.012,41
8,4.012,69
42,4.011,67
5,4.011,64
8,4.011,22
6,4.011,57
6,4.011,63
8,4.011,68
24,4.01,56
17,4.01,33
67,4.01,65
31,4.009,68
6,4.009,75
22,4.009,70
10,4.009,63
13,4.009,68
4,4.009,63
4,4.009,57
4,4.009,59
4,4.008,
4,4.008,
22,4.008,65
7,4.007,55
7,4.007,53
5,4.007,70
5,4.007,68
38,4.007,67
40,4.007,70
4,4.007,79
3,4.006,29
3,4.006,41
3,4.005,37
6,4.005,22
4,4.005,65
4,4.005,26
7,4.004,64
3,4.004,65
7,4.003,57
3,4.003,26
4,4.003,
4,4.003,
21,4.003,60
3,4.002,22
3,4.002,51
4,4.002,70
21,4.001,66
3,4.001,67
19,4.001,70
9,4.001,62
10,4.001,
16,4.001,63
5,4.001,31
17,4.001,43
35,4.001,67
2,4,63
3,4,
4,4,
3,4,68
4,4,49
4,4,63
4,4,59
2,4,54
2,4,31
1,4,71
4,4,71
2,4,
2,4,
2,4,
2,4,59
2,4,47
4,4,64
2,4,65
2,4,62
2,4,75
2,4,55
3,4,65
7,4,53
3,4,57
2,4,72
3,4,
2,3.999,44
8,3.999,65
79,3.999,65
2,3.999,72
2,3.999,30
2,3.999,50
2,3.999,33
2,3.999,
2,3.999,57
2,3.999,61
2,3.999,65
2,3.999,26
4,3.999,55
10,3.999,47
3,3.999,57
9,3.999,35
3,3.999,34
3,3.999,27
4,3.998,39
2,3.998,54
81,3.998,57
3,3.998,
11,3.998,38
2,3.998,
2,3.998,63
2,3.998,59
2,3.998,66
3,3.998,43
2,3.997,
2,3.997,
2,3.997,
3,3.997,76
6,3.997,55
2,3.997,28
13,3.997,69
23,3.996,61
7,3.996,51
2,3.996,47
34,3.996,62
27,3.996,62
3,3.996,47
3,3.996,53
38,3.996,56
3,3.996,72
11,3.996,62
4,3.996,62
21,3.995,54
21,3.995,60
8,3.995,71
3,3.995,
4,3.995,68
13,3.995,41
9,3.995,
9,3.995,
2,3.995,59
5,3.995,58
12,3.995,
2,3.995,36
2,3.995,50
4,3.994,57
21,3.994,64
3,3.994,63
2,3.994,70
18,3.994,57
15,3.994,69
5,3.994,
5,3.994,
5,3.994,40
45,3.994,70
2,3.993,52
10,3.993,
4,3.993,
12,3.993,59
4,3.993,63
7,3.993,34
3,3.993,
6,3.992,63
8,3.992,59
10,3.992,38
3,3.992,
3,3.992,69
26,3.992,61
2,3.992,77
20,3.991,61
4,3.991,56
9,3.991,63
6,3.991,64
4,3.991,64
5,3.99,62
29,3.99,59
5,3.99,53
5,3.99,21
23,3.99,68
11,3.989,69
3,3.989,63
2,3.988,
6,3.988,65
6,3.988,66
3,3.987,51
7,3.987,23
13,3.987,66
10,3.987,56
3,3.987,52
3,3.987,49
2,3.986,62
16,3.986,20
4,3.986,62
4,3.986,61
14,3.986,70
14,3.986,49
53,3.986,67
2,3.986,
10,3.986,68
6,3.985,69
6,3.985,58
5,3.985,28
13,3.985,31
20,3.985,53
37,3.984,66
56,3.984,66
30,3.983,71
3,3.983,
3,3.983,39
4,3.983,
4,3.983,
3,3.983,74
4,3.983,
3,3.983,
13,3.983,66
18,3.983,47
6,3.982,53
3,3.982,60
4,3.982,35
6,3.981,55
7,3.981,66
7,3.981,65
10,3.981,22
27,3.981,70
14,3.981,35
13,3.981,73
17,3.981,
70,3.98,64
7,3.979,70
3,3.979,70
3,3.979,
11,3.979,64
11,3.979,56
3,3.978,43
11,3.978,45
2,3.977,24
18,3.977,68
13,3.977,59
5,3.977,74
23,3.977,65
8,3.977,73
4,3.977,70
10,3.976,62
15,3.976,69
7,3.976,59
21,3.975,59
3,3.975,73
28,3.975,61
60,3.975,71
6,3.974,
15,3.974,33
2,3.974,66
8,3.974,73
4,3.973,18
12,3.973,
12,3.973,74
13,3.973,60
3,3.973,
12,3.972,62
12,3.972,65
4,3.972,75
4,3.972,70
4,3.972,59
3,3.972,73
35,3.972,75
2,3.972,66
3,3.971,69
4,3.971,70
3,3.971,40
23,3.971,63
8,3.97,67
15,3.97,69
4,3.97,58
4,3.97,49
2,3.97,59
2,3.97,60
7,3.97,62
4,3.97,19
4,3.97,17
17,3.97,68
8,3.97,64
4,3.97,33
18,3.969,70
3,3.968,59
2,3.968,18
5,3.967,18
18,3.967,46
98,3.966,70
3,3.966,66
2,3.966,65
27,3.966,51
4,3.965,41
34,3.965,58
36,3.964,55
20,3.964,54
9,3.964,60
15,3.963,31
7,3.963,71
8,3.963,
2,3.963,
23,3.962,68
25,3.962,59
11,3.962,69
10,3.962,63
8,3.962,68
8,3.962,64
4,3.961,68
30,3.961,66
5,3.961,64
4,3.96,66
4,3.96,62
15,3.96,58
34,3.959,48
2,3.959,
4,3.957,61
4,3.957,55
9,3.957,
3,3.956,69
3,3.956,
39,3.956,62
4,3.955,
24,3.955,63
2,3.955,58
6,3.955,17
2,3.955,73
2,3.955,56
2,3.955,69
3,3.954,60
18,3.954,71
19,3.954,36
4,3.954,34
4,3.954,36
4,3.954,
4,3.954,46
4,3.954,51
5,3.954,40
4,3.953,60
4,3.953,51
3,3.953,68
10,3.953,27
3,3.952,70
3,3.952,49
3,3.952,48
28,3.952,61
3,3.951,61
3,3.951,59
3,3.95,55
6,3.95,43
14,3.95,
4,3.95,58
4,3.95,60
1,3.95,56
1,3.95,50
2,3.95,38
4,3.95,33
4,3.95,31
2,3.95,
2,3.949,76
2,3.949,45
5,3.949,58
3,3.949,61
29,3.949,55
12,3.949,62
5,3.949,56
14,3.949,61
15,3.948,73
20,3.948,33
21,3.948,67
10,3.947,74
58,3.947,67
3,3.947,64
19,3.947,67
3,3.947,55
19,3.947,64
3,3.947,
5,3.947,72
32,3.946,40
5,3.946,62
5,3.946,55
3,3.946,
31,3.946,63
6,3.946,77
3,3.945,61
60,3.945,63
4,3.944,69
3,3.944,36
3,3.944,38
33,3.944,70
13,3.944,73
3,3.944,41
3,3.944,48
16,3.944,
5,3.943,76
29,3.943,56
9,3.943,
10,3.942,61
3,3.942,38
3,3.942,37
9,3.942,64
23,3.942,62
48,3.942,72
19,3.942,33
16,3.941,59
2,3.941,64
30,3.941,56
53,3.941,72
16,3.941,76
4,3.94,
4,3.94,
5,3.94,67
10,3.94,52
4,3.939,
20,3.939,70
30,3.939,63
7,3.939,
3,3.938,67
3,3.938,69
3,3.938,
3,3.938,
16,3.938,68
6,3.938,63
2,3.938,27
3,3.937,64
7,3.937,68
3,3.937,63
6,3.937,60
4,3.936,73
3,3.936,
4,3.936,
4,3.936,
3,3.936,
3,3.936,
3,3.935,29
7,3.935,
11,3.935,
5,3.935,34
3,3.935,60
2,3.934,68
6,3.934,64
2,3.934,69
2,3.934,68
16,3.933,70
39,3.933,63
28,3.933,59
3,3.932,58
3,3.932,61
13,3.932,39
3,3.932,66
10,3.932,49
2,3.932,32
22,3.932,62
3,3.932,78
7,3.932,63
10,3.932,64
37,3.932,65
17,3.932,69
9,3.932,
35,3.931,68
2,3.931,57
12,3.931,59
34,3.93,68
2,3.93,
13,3.93,22
4,3.93,68
4,3.93,
24,3.93,63
31,3.929,63
8,3.929,60
2,3.929,67
4,3.929,70
6,3.929,33
2,3.928,
18,3.928,67
2,3.928,22
2,3.928,20
2,3.928,79
10,3.928,76
8,3.928,
8,3.927,59
5,3.927,37
21,3.927,47
2,3.927,77
15,3.927,66
5,3.927,43
5,3.927,35
4,3.927,53
11,3.927,54
4,3.926,61
4,3.926,65
11,3.926,62
2,3.925,
16,3.925,64
14,3.925,48
2,3.925,
2,3.925,
14,3.925,55
3,3.925,64
4,3.924,
31,3.924,42
4,3.924,66
7,3.924,58
9,3.924,56
9,3.923,40
9,3.923,46
3,3.923,61
2,3.922,71
6,3.922,
34,3.922,57
20,3.922,68
26,3.922,70
26,3.922,71
7,3.922,28
7,3.922,22
11,3.921,67
12,3.921,65
5,3.921,73
3,3.921,
3,3.921,
16,3.921,64
2,3.921,43
2,3.921,
6,3.92,85
3,3.92,
30,3.919,62
13,3.919,53
11,3.919,65
10,3.919,34
12,3.918,57
2,3.918,68
2,3.918,64
11,3.918,54
3,3.918,40
3,3.918,58
4,3.917,70
9,3.916,60
9,3.916,62
10,3.916,56
2,3.916,
4,3.916,68
38,3.916,74
9,3.916,25
3,3.916,62
3,3.916,37
12,3.915,70
8,3.915,72
7,3.915,59
14,3.915,75
5,3.914,73
15,3.914,35
2,3.914,62
3,3.913,67
5,3.913,41
5,3.913,32
5,3.913,60
3,3.913,76
15,3.913,53
9,3.912,
8,3.912,38
3,3.912,61
3,3.912,64
3,3.912,43
5,3.912,61
5,3.912,69
20,3.912,46
11,3.911,64
5,3.911,65
4,3.911,70
6,3.911,68
9,3.911,73
7,3.911,54
9,3.911,52
4,3.911,71
3,3.91,66
23,3.91,57
4,3.91,61
4,3.91,
16,3.91,58
11,3.91,61
11,3.909,51
13,3.909,62
56,3.909,63
7,3.909,60
7,3.909,49
31,3.909,52
2,3.908,
13,3.908,52
9,3.907,55
3,3.907,66
3,3.907,69
5,3.907,22
24,3.907,56
30,3.907,70
16,3.907,61
2,3.907,
2,3.907,
4,3.907,59
2,3.906,58
2,3.906,42
2,3.906,52
12,3.905,75
3,3.905,
2,3.905,63
2,3.905,63
6,3.905,40
8,3.905,54
4,3.904,54
5,3.904,68
5,3.904,57
11,3.904,
7,3.904,47
26,3.904,50
6,3.904,61
6,3.904,33
1,3.903,63
20,3.903,53
4,3.903,67
4,3.903,42
2,3.903,62
4,3.902,
4,3.902,
2,3.902,53
2,3.902,32
28,3.902,51
10,3.902,38
3,3.902,61
3,3.902,52
2,3.902,
2,3.902,
2,3.901,
2,3.901,69
2,3.901,59
4,3.901,50
16,3.901,69
2,3.901,59
2,3.901,64
2,3.901,72
10,3.901,43
3,3.901,66
2,3.901,50
24,3.901,56
3,3.9,56
2,3.9,73
2,3.9,63
4,3.9,58
14,3.9,66
8,3.9,61
3,3.9,52
3,3.9,66
3,3.9,69
2,3.9,
3,3.9,
60,3.9,55
5,3.9,71
5,3.9,77
2,3.9,62
18,3.9,56
2,3.9,63
4,3.9,69
7,3.9,55
7,3.9,54
10,3.9,62
7,3.899,69
5,3.899,23
12,3.899,71
2,3.899,65
4,3.899,57
4,3.899,67
4,3.899,46
8,3.899,70
2,3.899,43
2,3.899,49
4,3.899,41
59,3.899,58
2,3.899,
2,3.899,
2,3.899,
4,3.898,57
2,3.898,78
2,3.898,68
7,3.897,67
7,3.897,20
7,3.897,50
6,3.896,66
3,3.896,62
6,3.896,
2,3.896,
2,3.896,
16,3.896,74
12,3.896,55
10,3.896,68
3,3.895,68
5,3.895,70
10,3.895,63
42,3.894,73
3,3.894,56
2,3.894,
2,3.893,
38,3.893,59
12,3.893,64
5,3.893,58
2,3.893,63
2,3.893,55
13,3.892,62
4,3.892,44
3,3.892,44
3,3.892,57
2,3.891,47
4,3.891,58
2,3.891,69
2,3.891,32
3,3.891,63
2,3.891,63
2,3.891,75
5,3.89,61
8,3.89,62
20,3.89,76
7,3.889,36
6,3.889,65
4,3.889,49
4,3.889,38
37,3.888,66
4,3.888,73
21,3.888,58
9,3.888,23
2,3.888,54
14,3.888,54
14,3.888,15
4,3.888,66
10,3.888,68
8,3.887,64
12,3.887,61
5,3.887,56
2,3.887,57
16,3.887,65
2,3.887,65
2,3.887,36
2,3.887,56
13,3.887,68
17,3.887,71
3,3.887,
3,3.887,56
18,3.886,71
11,3.886,59
53,3.886,64
57,3.886,67
15,3.886,25
15,3.886,
12,3.886,61
9,3.886,52
4,3.885,31
23,3.885,69
7,3.885,47
18,3.885,62
5,3.885,72
4,3.884,72
6,3.883,21
2,3.882,
2,3.882,
25,3.882,28
25,3.882,30
2,3.882,
2,3.882,
6,3.882,27
6,3.882,68
17,3.881,66
12,3.881,
6,3.881,65
6,3.881,
9,3.881,76
5,3.881,60
16,3.881,62
2,3.88,56
2,3.88,56
4,3.88,33
4,3.88,48
7,3.88,68
10,3.88,
2,3.88,69
2,3.88,71
31,3.879,67
10,3.879,59
3,3.879,58
8,3.879,66
2,3.879,
31,3.879,61
3,3.878,62
3,3.878,66
4,3.878,29
4,3.878,29
7,3.878,
9,3.877,64
2,3.877,47
2,3.877,49
6,3.877,57
19,3.877,68
3,3.877,
46,3.876,64
5,3.876,33
6,3.876,56
7,3.875,69
7,3.875,69
13,3.875,60
31,3.875,68
22,3.875,67
9,3.874,63
9,3.874,61
9,3.874,
59,3.874,57
14,3.873,54
8,3.873,57
8,3.873,63
26,3.873,54
9,3.873,66
3,3.873,65
11,3.872,67
5,3.872,78
5,3.872,64
2,3.871,39
2,3.871,43
17,3.871,35
8,3.871,71
2,3.87,64
2,3.87,50
4,3.87,69
12,3.87,33
8,3.869,73
7,3.869,70
3,3.869,68
15,3.869,64
3,3.868,43
3,3.868,47
3,3.868,
3,3.868,61
21,3.868,29
21,3.868,60
4,3.867,37
4,3.867,70
5,3.867,
5,3.867,
11,3.867,36
68,3.866,66
7,3.866,
7,3.866,
7,3.865,65
3,3.865,58
2,3.865,65
8,3.865,27
42,3.864,59
5,3.864,40
8,3.864,
3,3.864,67
5,3.863,40
23,3.863,66
4,3.863,68
23,3.863,60
3,3.863,
2,3.862,35
2,3.862,32
7,3.862,
63,3.862,70
6,3.862,44
20,3.862,72
24,3.862,71
2,3.862,59
23,3.862,67
16,3.862,63
34,3.861,72
7,3.861,70
7,3.861,
7,3.861,58
5,3.86,59
26,3.86,47
7,3.86,71
6,3.859,19
5,3.858,71
18,3.858,67
10,3.858,68
6,3.858,
6,3.858,
2,3.858,63
20,3.858,66
40,3.857,33
4,3.857,64
35,3.857,48
16,3.856,58
3,3.855,57
7,3.854,43
89,3.854,71
31,3.854,69
2,3.854,65
2,3.854,65
3,3.853,66
3,3.853,22
2,3.852,25
2,3.852,23
5,3.852,
2,3.852,17
2,3.852,28
9,3.852,69
15,3.851,67
41,3.851,69
4,3.851,61
15,3.85,40
11,3.85,61
14,3.849,55
49,3.849,71
3,3.849,58
3,3.849,69
7,3.848,66
8,3.847,27
8,3.847,60
9,3.847,74
2,3.847,
14,3.847,64
48,3.846,68
38,3.846,59
4,3.845,67
8,3.845,63
4,3.845,
36,3.844,69
4,3.844,
10,3.844,67
13,3.844,64
22,3.843,15
9,3.843,68
92,3.843,69
18,3.842,67
8,3.842,59
10,3.842,68
13,3.841,56
11,3.841,70
11,3.841,65
10,3.841,69
22,3.841,65
6,3.84,53
31,3.84,55
7,3.84,
6,3.839,45
6,3.839,72
17,3.839,70
2,3.839,51
2,3.839,53
17,3.839,57
21,3.838,71
2,3.838,
12,3.838,61
21,3.837,60
12,3.837,51
9,3.836,55
19,3.836,46
19,3.836,59
8,3.836,19
5,3.836,29
14,3.835,74
8,3.835,71
6,3.835,60
22,3.835,60
22,3.835,51
24,3.835,49
24,3.835,46
2,3.834,
2,3.834,
6,3.834,56
6,3.834,22
12,3.834,63
4,3.834,67
4,3.834,67
4,3.834,43
39,3.833,70
3,3.833,
28,3.833,61
10,3.833,54
2,3.832,71
2,3.832,70
4,3.831,59
4,3.831,73
5,3.831,63
5,3.831,69
4,3.831,60
52,3.83,64
11,3.83,58
10,3.83,63
31,3.83,76
2,3.829,
3,3.829,64
10,3.828,58
20,3.828,59
2,3.828,67
8,3.828,55
16,3.828,65
17,3.828,68
2,3.828,67
34,3.827,65
4,3.827,67
21,3.826,63
2,3.826,65
2,3.826,62
20,3.826,67
7,3.824,70
4,3.824,58
7,3.824,50
6,3.824,68
16,3.822,16
26,3.821,55
5,3.82,65
15,3.82,66
7,3.82,60
2,3.819,67
5,3.819,51
25,3.819,58
33,3.819,71
6,3.819,56
28,3.819,66
18,3.818,76
14,3.818,70
4,3.818,75
3,3.817,
45,3.816,60
2,3.816,
2,3.815,39
10,3.815,73
19,3.815,63
42,3.814,67
21,3.813,21
5,3.813,59
3,3.813,70
3,3.813,72
3,3.813,
5,3.813,61
12,3.812,18
2,3.812,
3,3.812,60
7,3.812,61
11,3.811,60
19,3.811,33
6,3.811,
6,3.811,
36,3.81,57
8,3.81,69
17,3.81,70
14,3.81,73
2,3.81,59
7,3.809,72
35,3.809,64
2,3.809,74
2,3.809,
10,3.808,
28,3.808,64
6,3.808,65
4,3.807,32
8,3.807,59
8,3.807,63
4,3.807,71
8,3.807,
6,3.807,73
29,3.806,59
5,3.806,64
10,3.806,24
18,3.806,59
9,3.805,68
2,3.805,62
2,3.805,
7,3.805,56
8,3.805,33
15,3.805,55
2,3.804,65
2,3.804,62
2,3.804,64
2,3.804,63
5,3.804,68
6,3.804,55
4,3.804,55
3,3.804,26
3,3.803,51
3,3.803,20
13,3.803,64
6,3.803,43
25,3.803,51
6,3.802,50
3,3.802,67
2,3.802,40
2,3.802,51
6,3.801,62
4,3.801,60
4,3.801,65
2,3.801,68
10,3.801,35
2,3.801,49
3,3.801,65
9,3.8,62
2,3.8,43
4,3.8,68
4,3.8,74
3,3.8,36
4,3.8,39
2,3.8,28
2,3.8,
5,3.8,72
2,3.8,67
6,3.8,67
8,3.799,70
6,3.799,38
21,3.799,71
14,3.798,31
5,3.798,27
18,3.798,58
9,3.798,58
18,3.797,31
5,3.797,52
45,3.797,65
10,3.796,67
5,3.796,62
15,3.795,64
8,3.795,30
13,3.794,77
27,3.794,37
12,3.794,40
6,3.793,58
12,3.793,64
10,3.793,38
14,3.792,72
7,3.792,
10,3.792,
7,3.792,
7,3.791,33
5,3.791,
59,3.791,69
12,3.79,61
10,3.789,68
15,3.789,61
11,3.789,74
17,3.789,53
31,3.789,54
7,3.789,
26,3.788,50
13,3.788,65
10,3.788,74
15,3.788,31
35,3.787,63
16,3.787,54
29,3.787,59
15,3.786,67
5,3.786,60
5,3.786,60
26,3.786,56
7,3.785,
9,3.785,70
6,3.784,51
54,3.784,78
10,3.784,
24,3.783,68
7,3.783,68
6,3.783,
5,3.783,75
6,3.782,
4,3.782,58
90,3.782,71
30,3.782,63
6,3.782,60
14,3.781,67
8,3.781,63
18,3.781,50
8,3.78,71
13,3.78,68
37,3.78,60
5,3.78,70
6,3.779,64
23,3.777,59
17,3.777,63
25,3.777,72
8,3.777,58
6,3.777,52
6,3.777,55
8,3.777,68
46,3.776,72
10,3.776,80
6,3.774,
4,3.774,
20,3.774,67
8,3.774,76
10,3.773,
26,3.773,65
20,3.773,65
17,3.773,59
15,3.772,70
14,3.772,66
34,3.772,62
7,3.772,70
33,3.772,69
10,3.771,48
41,3.771,55
28,3.771,58
5,3.771,60
44,3.77,61
8,3.77,26
26,3.769,13
27,3.768,37
10,3.768,48
10,3.767,64
7,3.766,12
50,3.765,41
7,3.765,69
7,3.765,73
5,3.764,
6,3.763,68
10,3.763,
19,3.762,71
28,3.762,63
13,3.762,68
32,3.761,55
13,3.761,70
17,3.761,76
15,3.761,37
12,3.761,62
8,3.761,74
9,3.76,63
4,3.76,66
4,3.759,
4,3.759,
4,3.759,
10,3.759,21
16,3.759,51
13,3.759,32
7,3.759,70
19,3.758,47
6,3.758,53
16,3.756,55
36,3.756,50
9,3.756,60
8,3.754,55
4,3.752,46
11,3.752,40
9,3.752,74
7,3.752,64
11,3.751,64
6,3.751,
6,3.751,
16,3.751,61
10,3.749,
15,3.749,64
19,3.749,52
33,3.749,53
24,3.748,82
25,3.748,76
20,3.747,26
36,3.747,77
13,3.747,58
4,3.746,
4,3.746,
8,3.746,65
7,3.746,78
29,3.745,72
8,3.745,
21,3.745,68
22,3.744,61
8,3.744,76
38,3.743,70
13,3.743,60
15,3.742,71
41,3.742,58
80,3.742,62
6,3.741,30
13,3.741,70
11,3.741,30
14,3.739,73
5,3.739,68
3,3.739,
3,3.739,
38,3.738,58
14,3.738,72
7,3.738,
14,3.737,65
8,3.737,57
7,3.737,
6,3.736,41
3,3.736,51
12,3.736,31
6,3.736,66
6,3.736,65
43,3.734,58
9,3.733,66
9,3.733,67
10,3.733,71
27,3.733,55
7,3.733,67
5,3.733,
21,3.732,67
8,3.732,57
8,3.732,55
52,3.732,71
16,3.732,74
10,3.731,70
8,3.73,67
26,3.73,69
28,3.73,44
14,3.73,41
31,3.73,47
6,3.729,43
9,3.729,67
9,3.729,48
5,3.729,67
14,3.728,68
10,3.728,39
5,3.727,72
26,3.726,61
11,3.726,23
9,3.726,53
4,3.726,66
21,3.725,64
13,3.725,66
31,3.725,73
15,3.724,70
22,3.724,68
9,3.723,62
12,3.723,64
3,3.722,71
10,3.722,
19,3.722,68
9,3.721,
39,3.721,75
17,3.721,
7,3.721,37
11,3.721,63
15,3.72,60
5,3.72,34
4,3.72,
14,3.719,60
6,3.719,63
9,3.718,61
32,3.718,53
12,3.718,
12,3.718,54
12,3.717,65
27,3.717,68
9,3.717,67
7,3.716,70
29,3.716,56
6,3.715,66
6,3.715,59
13,3.715,67
10,3.714,67
44,3.713,59
5,3.711,62
8,3.71,66
4,3.71,
57,3.709,31
9,3.708,
8,3.708,55
9,3.707,57
31,3.707,63
7,3.707,30
23,3.707,70
26,3.707,72
37,3.707,63
5,3.706,56
8,3.706,56
8,3.706,38
8,3.706,66
12,3.705,51
10,3.705,70
13,3.705,77
15,3.705,57
26,3.703,
15,3.703,57
4,3.703,68
8,3.702,68
7,3.702,
9,3.702,58
7,3.702,72
34,3.701,65
12,3.701,58
5,3.701,57
5,3.701,
12,3.7,55
4,3.7,46
4,3.7,33
4,3.7,44
4,3.7,38
4,3.699,56
4,3.699,53
7,3.699,69
4,3.699,
7,3.698,56
14,3.698,69
4,3.698,
12,3.698,51
5,3.697,64
4,3.697,33
7,3.697,46
4,3.696,51
6,3.696,65
31,3.696,59
3,3.696,
3,3.696,
4,3.695,53
7,3.695,33
7,3.695,35
10,3.695,69
2,3.695,84
8,3.695,58
14,3.695,67
8,3.694,62
4,3.694,
9,3.694,57
10,3.694,54
43,3.694,65
4,3.693,61
4,3.693,57
25,3.693,76
8,3.693,
16,3.693,56
67,3.693,53
5,3.692,56
5,3.692,56
9,3.692,62
11,3.692,65
11,3.692,54
51,3.692,64
11,3.691,65
4,3.691,
7,3.691,
6,3.691,
6,3.691,67
7,3.69,68
7,3.69,68
20,3.689,64
4,3.689,40
17,3.689,65
5,3.689,57
6,3.688,59
5,3.687,
4,3.687,
4,3.687,
7,3.687,69
7,3.687,51
7,3.687,44
6,3.687,66
12,3.687,69
10,3.686,70
15,3.686,63
13,3.686,58
11,3.685,46
11,3.685,73
9,3.685,46
7,3.685,67
11,3.685,54
6,3.684,42
12,3.684,
23,3.684,61
5,3.684,44
4,3.684,47
6,3.683,59
12,3.683,50
12,3.683,72
10,3.683,74
4,3.682,68
6,3.681,
6,3.681,
20,3.681,62
6,3.681,62
6,3.681,60
17,3.681,56
8,3.68,
38,3.68,56
4,3.68,36
5,3.679,50
6,3.679,
6,3.679,63
6,3.679,63
5,3.679,59
5,3.679,71
6,3.678,79
6,3.678,80
12,3.678,49
58,3.678,70
30,3.678,70
7,3.676,34
7,3.676,54
4,3.676,68
23,3.673,35
10,3.673,
18,3.672,62
10,3.672,66
10,3.672,62
14,3.672,62
6,3.672,
6,3.672,
4,3.671,64
4,3.671,63
4,3.67,58
4,3.669,55
6,3.668,66
5,3.667,
13,3.667,63
55,3.667,65
25,3.667,61
19,3.667,73
7,3.667,48
11,3.667,52
12,3.665,74
12,3.665,74
5,3.664,
30,3.664,67
3,3.664,79
3,3.664,79
5,3.663,55
5,3.663,67
33,3.662,68
6,3.662,
3,3.662,53
12,3.661,70
33,3.661,63
6,3.661,64
8,3.661,
8,3.661,
5,3.661,28
11,3.66,66
3,3.66,73
26,3.659,67
6,3.659,
18,3.659,55
26,3.658,60
4,3.658,35
11,3.657,60
6,3.657,
6,3.657,
5,3.657,62
6,3.656,68
19,3.656,59
5,3.656,61
5,3.656,34
18,3.655,72
4,3.655,44
26,3.655,73
5,3.654,
5,3.654,
27,3.654,60
9,3.654,79
6,3.653,72
41,3.653,60
7,3.652,70
4,3.652,
11,3.652,69
5,3.651,58
5,3.651,51
14,3.651,33
14,3.651,32
13,3.651,59
10,3.65,73
9,3.65,66
9,3.65,67
4,3.65,71
4,3.65,
8,3.65,55
3,3.649,46
3,3.649,63
26,3.649,54
7,3.649,
15,3.649,70
9,3.649,63
14,3.648,73
14,3.648,65
5,3.648,72
29,3.648,59
12,3.647,80
12,3.647,84
9,3.647,68
10,3.646,68
11,3.646,64
8,3.646,73
10,3.646,73
3,3.646,
3,3.646,
8,3.646,26
5,3.645,59
13,3.645,71
4,3.645,44
20,3.644,30
7,3.644,58
12,3.644,58
6,3.644,69
6,3.644,69
9,3.644,56
5,3.642,72
8,3.642,48
12,3.642,53
32,3.641,63
3,3.641,37
3,3.641,39
10,3.641,71
10,3.641,57
3,3.641,31
3,3.641,48
9,3.64,66
35,3.64,66
4,3.639,60
15,3.639,29
15,3.639,36
5,3.639,60
7,3.638,52
20,3.638,72
5,3.637,
10,3.637,65
4,3.637,58
10,3.636,66
10,3.636,66
8,3.636,37
8,3.636,24
8,3.636,59
19,3.636,69
4,3.635,68
6,3.635,
32,3.635,69
11,3.635,70
9,3.635,51
7,3.634,52
5,3.632,27
4,3.632,69
6,3.632,66
17,3.632,41
6,3.631,
4,3.631,64
5,3.631,
5,3.631,
19,3.631,75
16,3.631,77
16,3.631,76
5,3.63,69
16,3.63,66
5,3.629,
4,3.629,
20,3.628,54
7,3.628,
24,3.628,63
14,3.628,76
27,3.627,43
17,3.627,67
11,3.627,70
18,3.627,70
7,3.627,68
4,3.627,68
4,3.627,67
7,3.627,67
13,3.626,70
11,3.626,71
4,3.626,
45,3.626,62
46,3.626,60
8,3.625,
8,3.625,
9,3.625,19
11,3.625,75
17,3.625,60
5,3.624,61
8,3.624,50
6,3.624,46
10,3.623,62
31,3.623,34
4,3.623,
7,3.623,53
14,3.623,57
11,3.622,54
8,3.622,70
12,3.62,66
18,3.619,62
9,3.619,55
7,3.619,15
6,3.619,50
5,3.619,68
7,3.618,58
16,3.617,69
7,3.617,68
7,3.617,66
7,3.617,60
6,3.616,54
21,3.616,51
11,3.616,68
18,3.615,71
6,3.615,
4,3.614,
4,3.614,68
28,3.614,66
5,3.614,70
5,3.613,54
12,3.613,72
12,3.613,67
15,3.613,70
5,3.613,71
6,3.613,
8,3.613,68
6,3.612,65
4,3.612,32
25,3.611,72
7,3.611,
9,3.611,70
4,3.611,56
8,3.611,69
7,3.61,58
7,3.61,68
6,3.61,67
12,3.61,55
8,3.61,66
6,3.61,64
6,3.609,73
52,3.609,57
9,3.609,
11,3.608,
8,3.607,62
4,3.607,72
7,3.606,55
11,3.606,62
5,3.606,
3,3.605,68
3,3.605,63
5,3.604,60
5,3.604,56
13,3.604,56
7,3.604,69
5,3.603,68
8,3.603,70
4,3.603,
8,3.603,64
4,3.603,68
30,3.603,65
9,3.603,66
8,3.603,48
3,3.603,59
4,3.602,
9,3.602,60
10,3.602,62
6,3.602,56
6,3.602,71
11,3.602,48
4,3.601,
7,3.601,55
11,3.601,64
6,3.601,81
14,3.6,74
4,3.6,35
5,3.6,37
7,3.6,26
7,3.6,25
5,3.6,
3,3.6,20
4,3.6,57
5,3.6,63
5,3.6,39
3,3.6,
3,3.6,
4,3.6,67
4,3.6,67
6,3.6,70
6,3.6,67
5,3.6,64
3,3.6,79
4,3.6,70
9,3.6,69
6,3.6,53
29,3.6,69
4,3.599,38
4,3.599,66
12,3.599,66
8,3.599,71
2,3.599,
3,3.599,59
3,3.599,69
3,3.599,49
20,3.599,59
3,3.599,64
3,3.599,63
13,3.599,73
7,3.599,69
3,3.598,63
3,3.598,
3,3.598,
7,3.598,65
10,3.598,70
3,3.598,68
3,3.598,64
29,3.598,69
22,3.598,60
3,3.598,50
5,3.597,66
9,3.597,27
5,3.596,68
47,3.596,68
6,3.596,73
11,3.595,67
3,3.595,60
3,3.595,46
4,3.595,
10,3.595,72
5,3.595,65
5,3.595,65
12,3.595,64
15,3.594,60
10,3.594,58
3,3.594,23
4,3.594,69
7,3.594,61
12,3.593,69
21,3.593,73
15,3.593,
30,3.593,53
18,3.593,68
4,3.592,67
5,3.592,43
9,3.592,61
32,3.592,60
7,3.592,
26,3.592,54
3,3.592,59
5,3.592,73
7,3.592,64
5,3.592,61
4,3.592,65
4,3.592,51
3,3.591,54
3,3.591,64
24,3.591,65
3,3.59,62
9,3.59,63
13,3.59,74
8,3.59,58
8,3.59,
6,3.59,
3,3.59,56
3,3.59,73
5,3.59,18
5,3.59,41
11,3.589,63
4,3.589,65
4,3.589,65
17,3.589,68
4,3.589,
11,3.589,57
10,3.589,68
10,3.589,61
3,3.588,
11,3.588,62
3,3.588,68
9,3.588,69
8,3.588,14
22,3.588,64
4,3.587,
23,3.587,66
3,3.587,
48,3.587,65
6,3.587,
5,3.587,66
5,3.587,62
11,3.587,67
11,3.587,66
3,3.587,46
3,3.586,62
7,3.586,67
18,3.586,61
3,3.586,
3,3.586,
6,3.586,69
5,3.586,69
3,3.585,32
8,3.585,58
3,3.585,53
7,3.584,68
4,3.584,64
7,3.584,
7,3.584,
10,3.583,66
3,3.583,57
10,3.583,64
3,3.583,59
10,3.583,
10,3.583,
10,3.583,73
19,3.582,55
3,3.582,67
7,3.582,
12,3.582,70
3,3.582,43
10,3.582,17
10,3.582,24
15,3.581,40
5,3.581,54
4,3.581,
17,3.581,55
11,3.581,65
3,3.581,58
5,3.581,79
6,3.58,73
6,3.58,71
18,3.58,62
7,3.58,55
5,3.58,60
20,3.58,51
3,3.58,
19,3.579,70
7,3.579,40
6,3.579,
7,3.579,65
8,3.578,69
3,3.578,62
12,3.578,70
6,3.578,55
8,3.578,67
7,3.578,35
12,3.578,68
12,3.578,56
4,3.577,65
15,3.577,65
13,3.577,62
8,3.576,
4,3.576,64
7,3.576,
7,3.576,
11,3.576,61
14,3.576,67
5,3.576,63
7,3.576,
19,3.576,68
3,3.575,63
3,3.575,59
14,3.575,73
10,3.574,76
7,3.574,72
43,3.574,65
12,3.573,48
7,3.573,28
4,3.573,66
6,3.573,74
6,3.573,
6,3.573,
6,3.573,
27,3.572,58
3,3.572,43
3,3.572,34
19,3.572,61
3,3.572,
6,3.572,54
5,3.572,74
10,3.572,63
4,3.572,70
10,3.572,59
14,3.572,79
12,3.572,66
10,3.572,51
23,3.572,69
3,3.571,60
23,3.571,53
7,3.571,56
7,3.571,51
9,3.571,65
4,3.571,54
3,3.571,62
27,3.57,65
5,3.57,
5,3.57,
10,3.57,61
9,3.57,44
3,3.569,67
30,3.569,71
8,3.569,53
3,3.569,46
14,3.569,62
4,3.569,49
8,3.569,65
5,3.569,61
5,3.569,56
13,3.569,71
3,3.569,76
5,3.569,63
4,3.568,
8,3.567,69
6,3.567,
6,3.567,
11,3.567,52
4,3.567,75
42,3.567,58
17,3.567,62
3,3.567,67
7,3.566,69
4,3.566,
4,3.566,
20,3.566,69
34,3.565,51
8,3.565,71
6,3.565,68
6,3.565,66
3,3.565,
3,3.565,
12,3.565,61
3,3.565,59
6,3.565,64
4,3.564,70
4,3.564,68
8,3.564,26
15,3.564,66
4,3.564,45
12,3.564,52
3,3.564,59
3,3.564,66
6,3.563,73
6,3.563,70
4,3.563,68
11,3.563,68
5,3.562,66
5,3.562,54
4,3.562,16
6,3.562,
4,3.562,
4,3.562,
40,3.561,64
5,3.561,
5,3.561,
15,3.561,42
11,3.56,73
4,3.56,69
4,3.56,71
11,3.56,70
10,3.56,34
26,3.56,56
5,3.559,
14,3.559,57
8,3.558,69
4,3.558,63
4,3.558,57
5,3.558,35
5,3.558,44
25,3.558,60
3,3.558,31
7,3.558,38
5,3.557,61
9,3.557,48
6,3.557,63
4,3.557,71
3,3.557,
6,3.557,62
6,3.557,60
10,3.557,67
23,3.557,66
10,3.557,64
10,3.557,68
5,3.556,69
5,3.556,56
4,3.556,
4,3.556,59
4,3.556,63
5,3.556,62
5,3.556,69
25,3.556,65
10,3.556,79
15,3.555,65
3,3.555,42
3,3.555,43
3,3.555,71
3,3.555,71
4,3.555,
4,3.554,69
4,3.554,
17,3.554,70
4,3.554,
13,3.554,59
12,3.554,59
4,3.554,48
40,3.554,66
8,3.554,36
17,3.554,72
37,3.554,81
14,3.553,73
4,3.553,59
4,3.553,63
6,3.553,
6,3.553,
7,3.553,70
4,3.553,38
5,3.552,59
5,3.552,60
5,3.552,76
5,3.552,75
14,3.552,64
13,3.552,69
13,3.552,67
3,3.552,78
12,3.551,47
5,3.551,
5,3.551,
52,3.551,61
4,3.551,60
3,3.551,44
4,3.55,64
10,3.55,67
4,3.55,65
1,3.55,
1,3.55,
3,3.55,56
3,3.55,
3,3.55,
3,3.55,70
4,3.55,72
4,3.55,71
18,3.549,56
6,3.549,
6,3.549,73
6,3.549,
25,3.549,71
4,3.548,
7,3.548,69
4,3.548,65
10,3.548,77
5,3.548,
3,3.548,75
3,3.548,
3,3.548,66
4,3.547,67
4,3.547,61
5,3.547,
3,3.547,
50,3.547,12
4,3.547,58
17,3.547,58
5,3.547,51
8,3.546,63
3,3.546,20
7,3.546,53
4,3.545,59
4,3.545,56
8,3.545,
9,3.545,64
5,3.545,50
5,3.545,61
3,3.544,53
5,3.544,
8,3.544,20
8,3.544,32
9,3.544,
6,3.544,63
4,3.544,52
4,3.544,59
10,3.544,63
5,3.544,75
18,3.543,71
5,3.543,53
5,3.543,
43,3.543,67
3,3.542,
3,3.542,
6,3.542,62
6,3.542,62
21,3.542,73
9,3.542,56
9,3.542,59
17,3.542,57
8,3.541,63
22,3.541,67
4,3.541,66
5,3.541,
7,3.54,65
4,3.54,74
6,3.539,54
10,3.539,65
6,3.539,67
4,3.538,
6,3.538,
7,3.538,69
4,3.538,66
3,3.538,
3,3.538,
11,3.537,56
39,3.537,61
3,3.537,68
13,3.537,71
3,3.537,54
3,3.537,39
4,3.536,60
5,3.536,57
5,3.536,66
5,3.536,
19,3.536,72
6,3.536,43
6,3.536,46
10,3.536,40
10,3.536,24
5,3.536,44
5,3.535,57
6,3.535,49
6,3.535,57
6,3.535,50
4,3.535,
3,3.535,
10,3.535,
4,3.534,67
4,3.534,73
4,3.534,
4,3.534,
4,3.534,73
11,3.534,
27,3.534,50
8,3.533,34
8,3.533,49
5,3.533,59
5,3.533,
14,3.533,30
7,3.533,71
3,3.532,
3,3.532,
19,3.532,58
11,3.532,58
4,3.532,
17,3.532,61
4,3.532,
4,3.532,
4,3.532,70
21,3.531,65
21,3.531,44
7,3.531,70
5,3.531,81
3,3.531,
58,3.531,77
8,3.531,51
12,3.53,70
8,3.53,70
14,3.53,68
5,3.53,
5,3.53,63
3,3.53,
3,3.53,
3,3.53,
6,3.53,
6,3.53,
3,3.529,
9,3.529,
8,3.529,74
6,3.529,59
9,3.529,57
20,3.529,17
3,3.528,64
5,3.528,73
5,3.528,66
3,3.528,
3,3.528,
5,3.527,
7,3.527,66
10,3.527,68
4,3.527,
16,3.527,48
3,3.527,72
6,3.527,69
30,3.527,59
3,3.526,45
10,3.526,71
3,3.525,65
13,3.525,68
10,3.525,32
12,3.525,57
3,3.525,60
5,3.525,70
3,3.524,53
25,3.524,61
9,3.524,53
4,3.524,65
3,3.523,63
21,3.523,72
3,3.523,78
15,3.523,66
4,3.523,
4,3.523,
4,3.523,58
4,3.522,63
4,3.522,67
4,3.522,58
3,3.522,66
3,3.522,56
3,3.522,58
17,3.522,60
7,3.522,60
6,3.522,46
3,3.522,63
3,3.522,66
13,3.522,66
37,3.521,73
12,3.521,68
8,3.521,72
14,3.521,
8,3.52,66
5,3.52,68
8,3.52,67
7,3.52,
8,3.52,61
20,3.52,71
6,3.52,39
7,3.52,63
20,3.52,66
5,3.519,65
3,3.519,
4,3.519,
4,3.519,
9,3.519,54
4,3.519,72
4,3.519,74
9,3.519,73
4,3.519,36
4,3.519,58
12,3.519,64
5,3.519,64
7,3.519,
4,3.518,
3,3.518,59
6,3.518,
6,3.518,
5,3.518,70
9,3.518,73
5,3.518,
4,3.517,67
4,3.517,
3,3.517,64
3,3.517,74
6,3.517,47
10,3.517,58
3,3.516,
3,3.516,67
4,3.516,
3,3.516,73
6,3.516,
6,3.516,27
3,3.516,43
5,3.516,63
5,3.516,69
12,3.516,52
8,3.516,71
6,3.516,66
4,3.516,
5,3.515,65
10,3.515,26
10,3.515,37
10,3.515,32
6,3.514,66
6,3.513,76
4,3.513,65
5,3.513,
4,3.513,65
3,3.513,64
3,3.513,49
11,3.513,75
3,3.513,
3,3.513,
7,3.513,55
7,3.513,63
9,3.513,68
3,3.512,51
46,3.512,52
3,3.512,
3,3.512,
7,3.512,
5,3.512,76
19,3.512,65
3,3.512,53
3,3.512,46
6,3.512,56
6,3.512,26
5,3.512,56
5,3.512,63
8,3.512,
5,3.511,45
5,3.511,64
24,3.511,69
3,3.511,55
4,3.511,70
8,3.511,
20,3.511,67
3,3.511,
3,3.511,
7,3.51,41
6,3.51,67
6,3.51,63
5,3.51,34
7,3.51,42
6,3.509,
6,3.509,70
3,3.509,58
6,3.509,74
4,3.509,
7,3.509,
11,3.509,
4,3.508,
13,3.508,
4,3.507,74
7,3.507,28
7,3.507,61
4,3.507,65
15,3.507,70
9,3.507,67
5,3.506,64
32,3.506,59
4,3.506,70
7,3.506,65
4,3.506,60
4,3.506,57
7,3.506,66
12,3.506,60
19,3.506,59
4,3.506,71
4,3.505,63
13,3.505,71
6,3.505,59
3,3.505,
4,3.505,22
3,3.505,70
3,3.505,77
10,3.504,72
9,3.504,57
4,3.504,
4,3.504,
8,3.504,74
8,3.504,71
5,3.504,29
5,3.504,28
4,3.504,62
4,3.504,73
7,3.504,60
51,3.503,61
6,3.503,59
6,3.503,61
6,3.503,
7,3.503,61
14,3.503,68
6,3.503,49
15,3.503,69
6,3.502,60
10,3.502,66
4,3.502,56
14,3.502,69
3,3.502,46
6,3.502,47
4,3.502,58
19,3.501,68
4,3.501,69
5,3.501,70
10,3.501,71
3,3.501,45
3,3.501,54
3,3.501,61
5,3.5,56
5,3.5,
5,3.5,62
5,3.5,
26,3.5,59
26,3.5,24
5,3.5,51
4,3.5,
2,3.5,
2,3.5,
2,3.5,66
2,3.5,
2,3.5,
8,3.5,
8,3.5,
2,3.5,
2,3.5,
2,3.5,
2,3.5,63
2,3.5,60
2,3.5,
2,3.5,
4,3.5,56
2,3.5,69
2,3.5,61
2,3.5,65
2,3.5,
4,3.5,
4,3.5,
2,3.5,69
1,3.5,
2,3.5,58
2,3.5,74
2,3.5,
2,3.5,36
2,3.5,
2,3.5,
2,3.5,
2,3.5,
2,3.5,81
2,3.5,65
2,3.5,66
6,3.5,42
2,3.5,70
2,3.5,
3,3.5,63
2,3.5,54
2,3.5,59
2,3.5,63
6,3.5,
6,3.5,
2,3.5,
2,3.5,59
2,3.5,63
2,3.5,57
2,3.5,68
2,3.5,62
2,3.5,
2,3.5,
4,3.5,80
4,3.5,67
2,3.5,69
2,3.5,70
2,3.5,
2,3.5,
2,3.5,
2,3.5,
2,3.499,55
2,3.499,72
4,3.499,61
2,3.499,70
3,3.499,78
3,3.499,79
2,3.499,61
2,3.499,
2,3.499,58
2,3.499,56
2,3.499,
2,3.499,
2,3.499,71
2,3.499,54
2,3.499,54
2,3.499,60
2,3.499,72
2,3.499,
2,3.499,25
2,3.499,
4,3.499,34
2,3.499,53
2,3.499,
2,3.499,60
2,3.499,
2,3.499,
2,3.499,51
2,3.499,65
6,3.499,66
2,3.499,42
3,3.499,65
7,3.499,70
1,3.499,
1,3.499,60
2,3.499,66
2,3.499,67
2,3.498,
2,3.498,67
2,3.498,63
2,3.498,
20,3.498,62
2,3.498,59
3,3.498,
2,3.498,64
5,3.498,79
5,3.498,70
2,3.498,70
3,3.498,27
2,3.498,73
2,3.498,58
6,3.498,47
2,3.498,
2,3.498,28
2,3.498,71
2,3.497,68
2,3.497,
2,3.497,73
3,3.497,74
2,3.497,72
2,3.497,71
2,3.497,
2,3.497,56
2,3.497,60
4,3.497,
2,3.497,26
8,3.497,
3,3.497,69
2,3.497,
6,3.496,70
6,3.496,68
2,3.496,
2,3.496,
2,3.496,
4,3.496,
4,3.496,
3,3.496,57
5,3.496,66
3,3.496,
3,3.496,42
3,3.496,69
3,3.496,29
13,3.496,47
3,3.496,66
2,3.496,62
6,3.496,74
4,3.496,57
4,3.496,55
3,3.496,46
2,3.495,
2,3.495,68
2,3.495,55
10,3.495,66
2,3.495,68
3,3.495,
3,3.495,
7,3.495,70
14,3.495,69
14,3.495,67
22,3.495,64
2,3.495,69
4,3.495,65
4,3.495,64
4,3.495,72
12,3.494,60
4,3.494,
3,3.494,70
3,3.494,62
2,3.494,40
5,3.494,65
10,3.494,70
3,3.494,30
5,3.494,72
5,3.494,
4,3.494,72
4,3.494,70
2,3.494,
2,3.493,71
3,3.493,
4,3.493,65
8,3.493,68
8,3.493,68
4,3.493,
13,3.493,61
4,3.493,69
4,3.493,68
7,3.493,67
4,3.493,67
2,3.492,55
3,3.492,67
4,3.492,70
4,3.492,73
5,3.492,
13,3.492,56
8,3.492,74
3,3.492,61
14,3.492,74
13,3.492,
11,3.492,57
7,3.492,
4,3.492,67
4,3.492,55
2,3.492,
4,3.491,51
11,3.491,
5,3.491,70
5,3.491,63
4,3.491,66
4,3.491,40
2,3.491,61
2,3.491,
2,3.491,
4,3.491,56
12,3.49,67
4,3.49,
4,3.49,62
4,3.49,62
9,3.49,
9,3.49,70
22,3.49,67
4,3.49,71
4,3.49,
18,3.49,61
5,3.49,64
5,3.489,
4,3.489,
6,3.489,60
2,3.489,70
8,3.489,65
18,3.489,61
20,3.489,73
4,3.488,
4,3.488,55
18,3.488,58
49,3.488,53
5,3.487,
6,3.487,52
6,3.487,63
2,3.487,72
3,3.487,
3,3.487,59
5,3.487,62
2,3.487,58
2,3.487,50
3,3.487,65
3,3.487,62
8,3.487,69
5,3.487,64
3,3.487,
3,3.487,
3,3.487,
3,3.486,71
5,3.486,
2,3.486,40
3,3.486,72
9,3.486,55
6,3.486,
2,3.486,73
3,3.485,72
3,3.485,73
3,3.485,62
5,3.485,59
7,3.485,61
3,3.485,71
5,3.485,63
5,3.485,59
3,3.485,
3,3.485,
4,3.484,68
7,3.484,70
2,3.484,71
4,3.484,40
6,3.484,
6,3.484,
5,3.484,73
5,3.484,67
12,3.483,76
5,3.483,
5,3.483,
4,3.483,71
4,3.483,70
2,3.483,69
3,3.483,51
6,3.483,65
4,3.483,69
3,3.483,68
3,3.483,56
6,3.483,78
20,3.482,61
3,3.482,75
3,3.482,74
4,3.482,
2,3.482,
5,3.482,
6,3.481,61
7,3.481,63
7,3.481,62
3,3.481,60
4,3.481,65
4,3.481,61
15,3.481,60
10,3.48,31
19,3.48,73
2,3.479,59
2,3.479,38
2,3.479,51
6,3.479,62
6,3.479,59
3,3.479,
4,3.479,60
4,3.479,59
3,3.479,74
40,3.478,51
6,3.478,78
3,3.478,43
7,3.477,68
4,3.477,
7,3.477,
2,3.477,55
4,3.477,43
10,3.477,36
3,3.477,46
3,3.477,57
5,3.477,58
11,3.477,71
11,3.477,71
7,3.477,74
9,3.476,75
7,3.476,
2,3.476,33
2,3.476,30
4,3.476,65
4,3.475,
4,3.475,
5,3.475,44
3,3.475,66
3,3.475,73
21,3.475,63
19,3.475,61
3,3.475,73
26,3.475,62
7,3.475,61
3,3.475,83
7,3.475,
7,3.475,67
6,3.474,
2,3.474,
2,3.474,48
3,3.474,69
3,3.474,60
9,3.474,37
6,3.474,
13,3.474,42
13,3.474,16
19,3.474,71
19,3.474,65
2,3.474,71
7,3.474,
7,3.474,
13,3.474,68
38,3.473,67
7,3.473,
7,3.473,
2,3.473,
59,3.472,68
3,3.472,44
9,3.472,63
7,3.472,70
10,3.472,79
13,3.472,63
5,3.472,74
2,3.472,76
4,3.472,70
6,3.472,71
2,3.472,69
10,3.471,38
5,3.471,53
5,3.471,
7,3.471,71
7,3.471,
27,3.47,72
9,3.47,77
9,3.47,
2,3.47,
4,3.47,70
3,3.47,42
3,3.47,46
2,3.47,
7,3.47,54
4,3.47,66
11,3.469,75
4,3.469,
20,3.469,66
3,3.469,64
3,3.469,70
10,3.469,63
4,3.469,70
4,3.469,67
4,3.469,67
4,3.469,66
2,3.468,
2,3.468,
8,3.468,56
4,3.468,43
4,3.468,63
9,3.468,
3,3.468,62
8,3.468,70
8,3.468,67
4,3.468,69
5,3.468,
2,3.467,62
3,3.467,52
3,3.467,55
5,3.467,75
18,3.467,66
5,3.467,57
2,3.467,67
2,3.467,65
5,3.467,46
17,3.467,83
18,3.467,56
12,3.467,58
2,3.467,29
5,3.467,73
2,3.467,38
4,3.466,
7,3.466,68
4,3.466,
14,3.465,75
4,3.464,47
4,3.464,34
2,3.464,64
4,3.464,68
4,3.464,63
3,3.464,
3,3.464,58
7,3.464,67
7,3.464,72
9,3.463,
9,3.463,74
10,3.463,59
3,3.463,61
3,3.463,67
5,3.463,
4,3.463,69
4,3.463,70
3,3.463,69
3,3.463,72
11,3.463,66
16,3.463,64
25,3.463,73
18,3.463,65
4,3.463,67
4,3.463,64
3,3.462,68
13,3.462,57
11,3.462,69
3,3.462,42
8,3.462,65
4,3.462,
5,3.462,
17,3.461,58
3,3.461,
10,3.461,69
6,3.461,
6,3.461,
7,3.461,
23,3.461,
16,3.461,61
6,3.461,65
6,3.461,69
10,3.461,
10,3.461,68
4,3.461,60
3,3.46,
28,3.46,70
7,3.46,73
2,3.46,53
5,3.46,
5,3.46,
2,3.46,
4,3.459,
4,3.459,61
2,3.459,56
2,3.459,44
3,3.459,30
3,3.459,61
2,3.459,
4,3.459,55
4,3.459,65
11,3.458,
29,3.458,55
15,3.458,65
7,3.458,
7,3.458,
9,3.458,64
2,3.458,20
3,3.458,68
3,3.458,71
8,3.458,72
2,3.457,
2,3.457,
4,3.457,70
2,3.457,77
22,3.457,61
9,3.457,35
9,3.457,58
7,3.456,
2,3.456,69
3,3.456,61
3,3.456,
3,3.456,75
13,3.455,68
2,3.455,66
11,3.455,76
2,3.455,
2,3.455,71
16,3.455,64
14,3.455,60
10,3.455,67
5,3.454,70
5,3.454,
2,3.454,72
3,3.454,
18,3.454,78
8,3.454,58
3,3.454,49
2,3.453,
3,3.453,
4,3.453,
4,3.453,64
4,3.453,60
3,3.453,75
3,3.453,74
3,3.453,54
5,3.453,
3,3.453,
6,3.453,63
19,3.452,64
2,3.452,67
2,3.452,63
5,3.452,56
3,3.452,67
3,3.452,
6,3.451,51
2,3.451,
2,3.451,
2,3.451,
5,3.451,59
5,3.451,72
6,3.451,49
6,3.451,59
9,3.45,34
3,3.45,32
3,3.45,46
3,3.45,62
1,3.45,
1,3.45,
2,3.45,29
2,3.45,83
2,3.45,71
2,3.45,
2,3.45,
2,3.45,
2,3.45,54
2,3.45,
2,3.45,
2,3.45,
2,3.45,57
2,3.45,68
2,3.45,67
2,3.45,
3,3.45,67
2,3.45,74
2,3.45,70
2,3.45,15
2,3.45,67
3,3.45,71
3,3.45,68
2,3.45,
2,3.45,
3,3.45,71
3,3.45,70
2,3.45,65
2,3.45,57
2,3.45,
2,3.45,
16,3.45,84
2,3.45,73
5,3.45,46
2,3.449,66
2,3.449,74
2,3.449,
2,3.449,
5,3.449,15
3,3.449,
52,3.449,67
7,3.449,24
3,3.448,59
12,3.448,69
15,3.448,65
2,3.448,
2,3.448,
7,3.448,67
2,3.448,67
2,3.448,55
3,3.448,62
3,3.448,64
3,3.447,59
3,3.447,
4,3.447,73
4,3.447,70
4,3.446,19
4,3.446,20
32,3.446,62
14,3.446,68
2,3.446,45
6,3.446,64
3,3.446,39
3,3.446,53
53,3.446,63
3,3.446,64
19,3.445,76
3,3.445,48
3,3.445,20
15,3.445,69
6,3.445,
2,3.445,
2,3.445,55
12,3.445,75
3,3.444,71
12,3.444,20
3,3.444,43
3,3.444,36
4,3.444,59
2,3.444,69
2,3.444,67
4,3.444,63
13,3.444,64
9,3.444,59
4,3.444,
13,3.443,69
3,3.443,58
3,3.443,55
6,3.443,68
3,3.443,
7,3.443,67
7,3.443,60
2,3.442,70
3,3.442,
2,3.442,38
2,3.442,31
2,3.441,52
7,3.441,63
7,3.441,62
7,3.441,62
3,3.441,75
3,3.441,65
5,3.441,67
3,3.441,67
3,3.441,
2,3.441,
2,3.441,
2,3.441,61
5,3.44,
5,3.44,66
7,3.44,
3,3.44,
3,3.44,63
4,3.439,69
11,3.439,64
2,3.439,
2,3.439,
2,3.439,
2,3.439,30
2,3.439,54
2,3.439,54
23,3.439,66
5,3.438,67
3,3.438,62
3,3.438,58
4,3.438,65
2,3.438,68
5,3.438,36
4,3.437,78
4,3.437,73
5,3.437,62
2,3.437,
2,3.437,
41,3.437,71
4,3.437,66
10,3.437,
3,3.437,63
6,3.437,70
2,3.437,40
7,3.437,56
7,3.437,53
11,3.437,70
4,3.437,33
5,3.437,
5,3.437,
8,3.437,54
5,3.437,
5,3.437,
2,3.436,68
2,3.436,68
2,3.436,77
11,3.436,69
6,3.436,76
6,3.436,69
21,3.435,61
2,3.435,33
2,3.435,63
2,3.435,60
2,3.435,
3,3.435,69
2,3.435,57
2,3.435,63
2,3.435,58
7,3.434,
12,3.434,66
7,3.434,65
3,3.434,
3,3.434,
3,3.434,
3,3.434,65
3,3.434,67
27,3.434,74
24,3.433,71
2,3.433,
3,3.433,67
6,3.433,67
8,3.433,23
26,3.433,66
7,3.432,
6,3.432,
11,3.432,70
2,3.432,
2,3.432,
4,3.432,65
3,3.432,24
3,3.432,47
3,3.432,
24,3.432,65
2,3.431,
4,3.431,
8,3.431,50
8,3.431,52
3,3.431,66
3,3.431,67
2,3.431,
12,3.431,63
17,3.431,59
6,3.431,69
4,3.43,49
4,3.43,39
6,3.43,69
4,3.43,66
4,3.43,67
3,3.43,
3,3.43,51
5,3.43,
5,3.429,80
8,3.429,42
3,3.429,71
3,3.429,55
16,3.429,50
5,3.429,68
2,3.429,59
2,3.429,
2,3.429,
9,3.429,70
2,3.429,
3,3.429,
4,3.428,60
5,3.428,64
7,3.428,67
2,3.428,27
2,3.428,31
8,3.428,62
2,3.428,
2,3.428,76
2,3.428,71
5,3.427,70
7,3.427,70
35,3.427,55
2,3.427,45
2,3.427,44
2,3.427,66
2,3.427,67
14,3.427,
27,3.427,62
11,3.427,69
5,3.427,61
7,3.427,
9,3.427,59
20,3.426,39
2,3.426,
2,3.426,
8,3.426,72
2,3.426,63
7,3.426,59
14,3.426,64
10,3.426,61
21,3.426,50
2,3.426,67
4,3.425,67
31,3.425,59
9,3.425,66
21,3.425,74
34,3.425,54
2,3.425,67
2,3.424,61
7,3.424,
2,3.424,59
6,3.424,67
3,3.424,55
9,3.424,71
2,3.423,71
4,3.423,69
2,3.423,61
2,3.423,69
2,3.423,59
46,3.423,58
3,3.423,
3,3.423,
6,3.423,60
2,3.423,60
6,3.422,73
2,3.422,63
2,3.422,36
2,3.422,33
2,3.422,58
2,3.422,73
2,3.422,34
2,3.422,56
11,3.422,
6,3.422,71
2,3.422,63
4,3.422,59
4,3.422,
18,3.422,59
6,3.422,64
12,3.421,31
22,3.421,74
2,3.421,
3,3.421,
3,3.421,
22,3.421,63
14,3.421,62
9,3.421,55
2,3.42,64
2,3.42,69
6,3.42,
2,3.42,69
4,3.42,70
7,3.42,76
4,3.419,
3,3.419,
3,3.419,
2,3.419,64
2,3.419,47
4,3.419,74
4,3.419,76
8,3.418,
6,3.418,70
2,3.418,35
3,3.417,44
9,3.417,68
2,3.417,
2,3.417,
14,3.417,62
2,3.416,57
8,3.416,76
2,3.416,63
2,3.416,78
2,3.416,76
12,3.416,62
13,3.416,56
5,3.416,
9,3.416,32
2,3.415,67
2,3.415,66
4,3.415,61
4,3.415,70
2,3.415,73
2,3.415,67
2,3.415,
9,3.415,51
3,3.415,63
3,3.414,
3,3.414,
3,3.414,72
3,3.414,
2,3.414,
2,3.414,74
2,3.414,67
6,3.414,67
2,3.414,
5,3.414,66
3,3.414,75
5,3.414,67
5,3.414,64
3,3.413,58
4,3.413,76
2,3.413,67
2,3.413,46
2,3.413,
2,3.413,
2,3.413,
3,3.413,65
3,3.413,78
3,3.413,69
10,3.413,45
2,3.413,
2,3.413,
2,3.413,
3,3.413,81
29,3.413,57
3,3.412,
3,3.412,69
2,3.412,
2,3.412,
11,3.412,65
2,3.412,
2,3.412,
3,3.412,
2,3.412,58
2,3.412,63
3,3.412,
3,3.412,67
2,3.412,70
6,3.412,57
2,3.412,73
2,3.412,
2,3.412,
2,3.412,
2,3.412,
4,3.411,
2,3.411,
4,3.411,
7,3.411,
7,3.41,66
10,3.41,49
7,3.41,69
16,3.41,60
5,3.41,69
2,3.41,68
3,3.41,72
20,3.409,57
11,3.409,
7,3.409,74
2,3.409,70
2,3.409,46
2,3.409,55
2,3.409,57
2,3.408,71
2,3.408,58
14,3.408,
3,3.408,60
7,3.408,65
3,3.408,72
2,3.408,67
2,3.408,71
20,3.408,73
5,3.408,63
2,3.408,
2,3.407,75
17,3.407,61
4,3.407,48
2,3.406,57
3,3.406,67
4,3.406,
3,3.406,
2,3.406,65
2,3.406,64
5,3.405,62
4,3.405,
4,3.405,
2,3.405,63
2,3.405,64
2,3.405,60
9,3.404,30
3,3.404,65
6,3.404,
5,3.404,
4,3.404,76
26,3.404,69
5,3.403,66
28,3.403,69
3,3.403,77
3,3.403,66
19,3.403,59
5,3.403,32
2,3.403,69
2,3.403,60
7,3.403,72
7,3.403,73
2,3.403,65
7,3.403,37
2,3.403,69
34,3.403,59
2,3.403,69
3,3.402,68
3,3.402,
2,3.402,57
2,3.402,61
2,3.402,56
2,3.402,75
5,3.402,53
5,3.402,
125,3.401,76
12,3.401,62
8,3.401,73
2,3.401,
2,3.401,
2,3.401,64
2,3.401,64
2,3.401,
4,3.401,43
2,3.401,72
2,3.401,68
3,3.401,64
3,3.401,66
2,3.401,80
2,3.401,64
2,3.401,
3,3.401,54
6,3.401,23
6,3.401,59
3,3.401,69
2,3.401,
2,3.401,70
3,3.401,70
2,3.401,
2,3.401,
4,3.4,60
2,3.4,60
2,3.4,64
2,3.4,
6,3.4,62
6,3.4,56
5,3.4,63
2,3.4,20
2,3.4,
2,3.4,
2,3.4,
2,3.4,
2,3.4,80
2,3.4,
2,3.4,
2,3.4,50
2,3.4,37
2,3.4,
2,3.4,82
2,3.4,
2,3.4,73
2,3.4,
2,3.4,
11,3.4,67
4,3.4,65
3,3.4,61
2,3.4,
9,3.399,57
9,3.399,59
2,3.399,
2,3.399,
2,3.399,62
2,3.399,72
2,3.399,
2,3.399,
4,3.399,76
2,3.399,67
2,3.399,
2,3.399,
2,3.399,
2,3.399,78
2,3.398,
6,3.398,80
2,3.398,70
2,3.398,78
14,3.398,
19,3.398,66
3,3.398,
3,3.398,77
4,3.398,
4,3.398,45
2,3.397,
10,3.397,60
3,3.397,
10,3.397,39
10,3.397,40
10,3.397,74
3,3.397,
8,3.396,69
17,3.396,70
37,3.396,74
12,3.396,
3,3.396,69
7,3.396,
4,3.395,
4,3.395,
20,3.395,60
11,3.395,60
2,3.395,69
2,3.395,70
2,3.395,64
2,3.395,39
4,3.395,70
7,3.395,
5,3.395,49
4,3.395,57
2,3.394,52
2,3.394,49
11,3.394,54
11,3.394,51
2,3.394,76
20,3.394,65
6,3.394,
3,3.394,57
3,3.394,70
2,3.394,70
2,3.394,68
2,3.393,65
2,3.393,64
7,3.393,52
7,3.393,60
7,3.393,49
13,3.392,68
6,3.392,
4,3.392,
6,3.392,
3,3.392,
3,3.392,
3,3.391,70
3,3.391,67
12,3.391,75
14,3.391,62
2,3.39,56
3,3.39,69
13,3.389,58
3,3.389,64
3,3.389,
7,3.389,69
7,3.389,71
6,3.389,72
21,3.388,70
4,3.388,69
21,3.388,68
14,3.388,73
4,3.387,62
3,3.387,43
5,3.387,65
3,3.387,45
17,3.387,56
6,3.386,79
3,3.386,70
3,3.386,71
2,3.386,61
2,3.386,
2,3.386,43
4,3.386,51
7,3.385,51
7,3.385,62
6,3.385,
3,3.385,60
3,3.385,67
13,3.385,66
2,3.385,
2,3.385,64
5,3.385,81
4,3.385,86
4,3.384,68
4,3.384,69
7,3.384,73
7,3.384,75
22,3.384,64
10,3.384,79
49,3.383,74
9,3.383,71
3,3.383,78
6,3.383,73
2,3.383,56
7,3.383,63
11,3.383,63
37,3.383,64
37,3.383,62
10,3.383,70
2,3.382,
2,3.382,
3,3.382,79
10,3.382,61
46,3.382,74
4,3.382,
4,3.382,72
3,3.382,64
5,3.381,32
51,3.38,58
10,3.38,72
2,3.379,
4,3.379,62
6,3.379,
7,3.378,
7,3.378,
10,3.378,72
4,3.378,
4,3.378,
2,3.378,45
5,3.378,73
3,3.378,71
3,3.378,71
6,3.377,70
13,3.377,66
2,3.376,58
2,3.376,63
2,3.376,60
7,3.376,64
5,3.376,60
5,3.376,68
15,3.376,65
22,3.376,58
3,3.375,73
3,3.375,70
4,3.375,60
3,3.375,
4,3.374,68
2,3.374,
2,3.374,30
2,3.374,34
2,3.374,61
3,3.373,59
4,3.373,68
6,3.373,
2,3.373,61
6,3.373,57
6,3.373,70
4,3.373,74
4,3.373,75
5,3.372,
3,3.372,
9,3.372,73
5,3.372,68
2,3.371,72
2,3.371,73
21,3.371,66
4,3.37,60
4,3.37,71
4,3.37,69
3,3.37,71
3,3.37,70
4,3.37,66
4,3.369,
2,3.369,71
2,3.369,80
3,3.369,66
3,3.369,71
7,3.369,63
16,3.369,63
12,3.369,
21,3.369,68
7,3.368,63
7,3.368,65
4,3.368,70
5,3.367,60
8,3.367,67
2,3.367,71
3,3.367,31
4,3.366,67
12,3.366,63
6,3.366,71
14,3.366,73
14,3.366,70
5,3.366,
8,3.365,
4,3.365,43
4,3.365,40
14,3.364,60
15,3.364,67
3,3.364,70
3,3.364,
12,3.364,72
3,3.363,63
8,3.363,63
6,3.363,
3,3.363,68
41,3.362,72
8,3.362,38
4,3.361,67
7,3.361,69
7,3.361,59
4,3.361,71
4,3.361,76
3,3.361,
3,3.361,87
6,3.361,55
6,3.361,53
2,3.361,68
2,3.361,30
11,3.36,56
13,3.36,73
2,3.36,
2,3.36,
3,3.359,70
2,3.359,46
2,3.359,65
7,3.359,50
6,3.358,70
6,3.358,69
2,3.358,24
5,3.357,
3,3.357,73
5,3.357,
5,3.357,
2,3.357,68
8,3.356,69
52,3.355,79
4,3.355,
6,3.355,67
8,3.355,
8,3.354,57
5,3.354,
4,3.354,58
2,3.353,47
3,3.353,71
4,3.353,61
6,3.353,59
38,3.352,68
15,3.352,64
12,3.352,64
10,3.352,69
10,3.352,68
3,3.352,44
3,3.352,54
2,3.352,58
2,3.352,40
2,3.352,57
2,3.352,54
5,3.352,67
5,3.351,60
9,3.351,70
9,3.351,70
11,3.35,68
2,3.35,81
2,3.35,80
2,3.35,77
5,3.348,74
3,3.348,
11,3.348,
2,3.348,
2,3.348,13
2,3.348,15
6,3.348,
3,3.347,68
11,3.347,78
4,3.347,
4,3.347,
9,3.347,66
10,3.346,70
7,3.346,62
14,3.346,71
4,3.345,
18,3.344,69
15,3.344,73
10,3.344,79
5,3.343,73
24,3.343,63
2,3.343,63
2,3.343,64
9,3.343,76
2,3.342,
2,3.342,
3,3.341,64
3,3.341,69
8,3.341,66
4,3.341,61
22,3.34,63
12,3.34,66
4,3.34,62
7,3.34,56
13,3.34,75
2,3.34,67
6,3.339,65
2,3.339,70
4,3.339,84
2,3.338,
13,3.338,61
28,3.337,64
5,3.337,
5,3.337,
5,3.337,69
4,3.337,54
4,3.337,67
16,3.336,60
9,3.336,16
8,3.336,63
14,3.335,68
5,3.334,
6,3.334,
3,3.334,75
3,3.334,78
11,3.334,55
2,3.334,66
2,3.334,
5,3.333,
27,3.333,76
32,3.333,68
3,3.332,
3,3.332,66
27,3.331,61
17,3.331,26
16,3.331,69
13,3.331,59
4,3.331,69
24,3.33,73
15,3.33,67
2,3.329,76
32,3.329,70
9,3.328,64
6,3.328,
10,3.328,55
6,3.327,69
3,3.327,
3,3.327,
10,3.327,67
8,3.327,71
2,3.326,69
41,3.326,66
18,3.325,74
8,3.325,
8,3.325,
2,3.325,
18,3.325,74
8,3.324,68
24,3.324,69
7,3.324,65
4,3.323,61
10,3.323,64
13,3.323,70
12,3.323,73
10,3.322,
16,3.322,15
4,3.322,
4,3.322,71
7,3.322,62
4,3.322,76
13,3.321,
4,3.321,73
4,3.321,
8,3.321,61
15,3.32,51
4,3.32,
4,3.32,
6,3.32,34
6,3.32,37
8,3.319,69
7,3.318,68
13,3.318,55
4,3.318,73
22,3.318,58
52,3.318,72
4,3.317,53
2,3.317,44
4,3.316,63
7,3.316,
4,3.316,76
10,3.316,69
2,3.316,71
2,3.316,72
9,3.316,72
11,3.316,57
5,3.316,64
2,3.315,45
8,3.315,68
7,3.315,71
15,3.315,73
15,3.315,72
12,3.315,
2,3.314,71
3,3.313,46
3,3.313,47
2,3.313,70
6,3.313,68
7,3.312,71
7,3.312,49
8,3.311,64
3,3.311,73
3,3.311,76
3,3.309,78
2,3.309,
8,3.309,
3,3.308,48
2,3.308,73
9,3.308,
12,3.307,58
8,3.307,78
4,3.307,64
3,3.307,69
2,3.306,
10,3.306,61
3,3.306,71
6,3.306,73
6,3.306,69
13,3.306,71
2,3.306,49
2,3.306,
2,3.306,
8,3.305,45
10,3.305,71
2,3.304,74
16,3.304,65
9,3.304,79
3,3.304,44
5,3.304,58
42,3.303,70
4,3.303,78
2,3.302,
5,3.302,63
6,3.302,
6,3.302,
5,3.301,
5,3.301,
4,3.301,
7,3.301,
7,3.301,
7,3.301,
2,3.301,77
2,3.301,56
2,3.301,66
7,3.301,
3,3.3,80
4,3.3,53
4,3.3,73
2,3.3,
2,3.3,
16,3.3,47
2,3.3,66
4,3.3,69
4,3.3,72
4,3.3,
4,3.3,
3,3.3,64
3,3.3,63
5,3.3,56
4,3.3,
8,3.3,68
14,3.3,70
15,3.3,65
4,3.299,
6,3.299,41
5,3.299,66
14,3.298,58
8,3.298,62
5,3.298,66
4,3.298,71
15,3.297,71
10,3.297,70
5,3.297,67
5,3.297,57
4,3.296,59
16,3.296,71
14,3.295,61
9,3.295,63
8,3.294,68
4,3.294,57
7,3.294,
12,3.294,68
16,3.292,71
7,3.292,
10,3.292,78
20,3.292,70
4,3.292,
4,3.292,
5,3.291,
15,3.291,63
11,3.29,70
11,3.29,69
20,3.289,67
14,3.289,
12,3.289,
12,3.288,66
13,3.288,70
14,3.288,62
8,3.287,58
14,3.287,15
14,3.287,14
5,3.286,63
7,3.286,74
5,3.286,66
17,3.285,61
16,3.284,65
9,3.284,71
20,3.282,66
7,3.282,25
8,3.282,
10,3.28,52
5,3.28,69
16,3.279,44
10,3.279,64
11,3.279,77
11,3.279,74
9,3.279,56
5,3.278,67
30,3.278,66
43,3.278,66
3,3.278,74
7,3.277,60
22,3.277,
8,3.277,
8,3.277,
21,3.275,62
40,3.275,61
6,3.274,64
59,3.272,63
17,3.271,73
9,3.271,75
34,3.269,62
16,3.269,64
11,3.268,
11,3.268,
4,3.267,57
4,3.267,74
4,3.267,
9,3.266,58
17,3.266,72
7,3.265,60
7,3.265,65
7,3.264,70
11,3.264,66
7,3.264,32
16,3.263,
14,3.262,
8,3.261,
15,3.26,74
8,3.26,72
4,3.26,18
6,3.259,
6,3.259,61
10,3.259,19
13,3.259,59
13,3.258,60
31,3.258,45
6,3.258,62
6,3.258,64
7,3.257,
5,3.257,65
9,3.255,56
8,3.255,68
5,3.255,
8,3.253,72
14,3.253,80
8,3.252,
9,3.252,73
18,3.252,73
9,3.251,58
5,3.25,68
5,3.25,69
9,3.249,78
5,3.249,
5,3.249,
6,3.248,57
7,3.247,
7,3.247,
19,3.247,69
27,3.246,66
32,3.246,65
21,3.246,69
4,3.245,55
4,3.245,54
3,3.244,55
6,3.244,69
25,3.243,59
7,3.241,
3,3.241,53
3,3.241,36
15,3.241,71
9,3.24,68
10,3.24,66
5,3.239,66
11,3.239,78
10,3.238,61
5,3.237,44
5,3.237,71
5,3.237,71
15,3.236,62
6,3.235,77
6,3.235,
10,3.234,64
12,3.234,72
4,3.233,64
4,3.233,61
6,3.233,71
6,3.233,66
40,3.233,70
3,3.232,70
17,3.231,61
6,3.231,65
8,3.23,55
5,3.229,
5,3.229,
5,3.229,66
23,3.229,79
4,3.228,56
15,3.227,68
5,3.226,
10,3.226,
10,3.223,69
3,3.222,71
4,3.222,34
4,3.221,57
4,3.221,60
9,3.22,69
5,3.22,
10,3.22,62
10,3.22,60
4,3.22,
4,3.22,
5,3.219,
12,3.218,70
5,3.217,
5,3.216,69
6,3.215,66
6,3.215,66
10,3.214,62
12,3.213,55
5,3.212,60
5,3.212,
9,3.212,45
8,3.21,56
7,3.21,69
7,3.21,68
7,3.209,
7,3.209,
31,3.209,70
9,3.208,58
8,3.208,58
9,3.207,78
7,3.207,27
7,3.207,53
11,3.206,78
10,3.205,55
15,3.205,60
6,3.204,68
6,3.204,27
24,3.204,63
21,3.202,72
7,3.202,65
5,3.202,70
9,3.201,
11,3.2,64
4,3.2,
4,3.2,
4,3.2,66
4,3.2,49
4,3.2,53
15,3.2,72
9,3.199,60
9,3.199,54
4,3.199,52
5,3.199,62
4,3.199,70
4,3.198,
8,3.198,69
8,3.198,63
4,3.198,36
9,3.198,
8,3.197,
14,3.197,71
7,3.197,
8,3.197,70
4,3.196,39
2,3.195,81
4,3.194,62
6,3.191,
6,3.191,
12,3.191,42
15,3.191,57
4,3.191,75
4,3.191,
7,3.189,53
7,3.189,35
9,3.188,55
6,3.187,66
22,3.186,66
10,3.186,65
6,3.186,
45,3.186,66
5,3.185,
11,3.185,69
11,3.184,54
4,3.182,
4,3.182,
11,3.182,82
6,3.181,25
4,3.181,76
4,3.181,67
10,3.18,32
13,3.18,68
6,3.179,
4,3.179,26
5,3.179,
15,3.178,
7,3.178,59
14,3.177,73
4,3.177,
4,3.177,
4,3.177,
4,3.177,
8,3.176,67
4,3.176,65
25,3.175,80
4,3.175,70
9,3.175,70
5,3.175,72
5,3.175,76
6,3.175,71
6,3.173,
6,3.173,
4,3.172,
4,3.172,
4,3.172,72
6,3.172,61
6,3.171,
7,3.17,63
6,3.17,
19,3.169,73
6,3.168,75
8,3.168,62
8,3.168,75
11,3.167,66
4,3.165,63
4,3.165,64
13,3.164,67
13,3.164,66
15,3.164,58
3,3.163,53
3,3.163,51
21,3.162,73
20,3.162,67
5,3.162,45
5,3.162,42
11,3.162,54
3,3.162,44
6,3.161,
6,3.161,
9,3.16,62
4,3.16,63
16,3.159,
16,3.159,62
5,3.158,73
13,3.156,72
10,3.155,67
8,3.155,56
8,3.154,69
4,3.154,24
4,3.154,31
11,3.153,66
4,3.153,25
6,3.153,70
6,3.153,68
7,3.152,56
6,3.152,31
6,3.152,30
5,3.15,23
5,3.15,20
10,3.15,
5,3.15,63
5,3.15,77
15,3.149,
7,3.148,81
4,3.148,64
3,3.148,
6,3.148,71
6,3.148,44
5,3.148,65
11,3.148,
9,3.147,60
5,3.147,13
5,3.147,55
9,3.146,
18,3.146,64
8,3.146,20
8,3.146,54
11,3.146,73
5,3.145,68
9,3.145,69
9,3.145,65
4,3.145,56
7,3.145,21
7,3.145,55
3,3.145,64
3,3.145,59
13,3.144,65
5,3.141,46
5,3.141,65
2,3.141,56
2,3.141,56
4,3.141,
4,3.141,
8,3.14,63
8,3.14,54
7,3.139,66
4,3.139,62
19,3.138,73
13,3.138,65
10,3.138,58
7,3.137,69
7,3.137,69
5,3.137,58
5,3.137,55
11,3.136,72
8,3.136,
4,3.135,70
5,3.135,60
5,3.135,63
4,3.135,70
4,3.135,70
4,3.135,70
4,3.135,59
4,3.135,
5,3.134,59
16,3.133,62
6,3.132,66
17,3.132,61
17,3.132,71
30,3.131,64
4,3.131,35
5,3.13,71
5,3.13,56
8,3.13,67
16,3.129,50
5,3.128,
5,3.128,
8,3.128,73
8,3.128,74
4,3.128,63
8,3.128,72
3,3.128,60
5,3.127,
5,3.127,
7,3.127,61
5,3.126,
5,3.126,
4,3.126,
4,3.126,69
5,3.125,65
6,3.125,68
4,3.125,65
17,3.124,66
7,3.124,
7,3.124,
11,3.123,
12,3.122,56
9,3.122,
9,3.122,68
13,3.121,74
8,3.12,72
8,3.12,
7,3.119,70
10,3.119,
6,3.119,
6,3.119,
11,3.119,59
12,3.118,73
5,3.118,69
4,3.117,15
12,3.117,66
4,3.117,70
4,3.117,71
14,3.117,76
4,3.116,68
14,3.115,68
4,3.115,39
3,3.115,29
3,3.115,46
10,3.114,61
6,3.114,68
5,3.112,
4,3.112,68
4,3.112,62
6,3.112,88
6,3.112,84
10,3.111,
15,3.111,69
4,3.111,65
8,3.111,
9,3.11,68
6,3.11,55
6,3.11,75
40,3.11,72
11,3.109,66
4,3.109,50
3,3.109,64
3,3.109,68
4,3.109,64
4,3.109,72
4,3.107,75
4,3.107,76
4,3.107,69
5,3.107,72
3,3.107,51
7,3.106,77
10,3.105,52
9,3.105,68
7,3.105,
7,3.105,
5,3.105,69
5,3.105,72
7,3.105,69
7,3.104,68
5,3.104,73
8,3.104,74
4,3.104,72
12,3.103,64
3,3.103,
6,3.101,
6,3.101,
4,3.101,
8,3.1,70
3,3.1,72
3,3.1,55
3,3.1,64
3,3.1,
3,3.1,62
3,3.1,40
3,3.1,71
17,3.1,81
4,3.099,68
7,3.099,42
3,3.099,37
14,3.099,54
3,3.099,77
3,3.099,67
3,3.099,55
3,3.099,71
3,3.099,64
3,3.099,58
13,3.099,68
3,3.099,
3,3.098,75
3,3.098,62
3,3.098,74
8,3.098,65
8,3.098,
6,3.097,
9,3.097,66
4,3.097,70
5,3.097,15
5,3.096,69
4,3.096,75
4,3.096,69
5,3.096,42
6,3.096,69
6,3.096,67
7,3.096,
10,3.095,60
3,3.095,39
3,3.095,27
7,3.095,18
6,3.094,54
11,3.094,71
3,3.094,65
3,3.094,51
4,3.094,71
5,3.094,67
4,3.093,63
4,3.093,50
3,3.093,
3,3.093,
4,3.093,
4,3.093,
4,3.093,78
4,3.093,46
4,3.092,
4,3.092,
4,3.092,
6,3.092,60
16,3.092,82
9,3.092,62
9,3.092,66
7,3.092,
5,3.092,70
5,3.091,71
5,3.091,55
4,3.091,30
4,3.091,28
3,3.091,63
8,3.09,72
8,3.09,70
6,3.09,62
6,3.09,50
19,3.09,54
19,3.09,55
21,3.09,73
9,3.089,
4,3.089,63
4,3.089,67
3,3.088,68
2,3.088,38
2,3.088,34
22,3.088,68
4,3.087,70
5,3.087,71
6,3.087,49
7,3.087,66
7,3.087,66
8,3.087,
8,3.087,
5,3.087,67
5,3.087,67
16,3.087,61
3,3.086,22
7,3.086,57
5,3.086,48
4,3.086,71
5,3.085,
5,3.085,21
7,3.085,74
3,3.085,
3,3.085,
4,3.084,33
11,3.084,53
5,3.083,64
4,3.083,65
4,3.083,69
3,3.083,65
11,3.082,71
3,3.082,65
8,3.082,
8,3.082,
3,3.082,50
3,3.081,72
5,3.081,66
4,3.081,75
6,3.08,72
6,3.08,68
3,3.079,56
3,3.079,63
3,3.078,66
3,3.078,15
5,3.077,24
5,3.077,53
5,3.077,67
6,3.076,
6,3.076,
10,3.076,61
8,3.076,62
5,3.076,58
12,3.076,61
12,3.076,64
37,3.076,70
4,3.076,71
4,3.075,61
7,3.075,79
5,3.075,
5,3.075,
8,3.075,65
4,3.074,68
14,3.074,
3,3.074,
4,3.074,
7,3.073,68
9,3.073,67
3,3.072,67
4,3.072,70
9,3.071,47
13,3.071,66
5,3.071,31
3,3.071,69
14,3.07,66
6,3.07,61
6,3.07,40
5,3.069,67
3,3.069,66
4,3.069,19
4,3.069,17
6,3.069,74
3,3.068,
3,3.068,
4,3.068,47
8,3.068,70
8,3.068,
15,3.067,83
15,3.064,67
2,3.063,50
5,3.063,67
5,3.063,64
5,3.063,51
4,3.063,69
5,3.063,72
7,3.063,
7,3.063,
4,3.063,65
4,3.063,61
4,3.062,41
12,3.062,69
4,3.062,53
12,3.062,79
46,3.062,66
6,3.062,
6,3.061,61
4,3.061,54
33,3.06,63
7,3.06,61
6,3.06,
11,3.06,69
3,3.06,65
3,3.06,72
6,3.059,62
5,3.059,39
5,3.058,75
5,3.058,63
3,3.058,24
4,3.057,65
5,3.057,
14,3.056,74
4,3.056,75
6,3.055,
6,3.055,
15,3.055,60
4,3.055,59
3,3.055,
8,3.055,62
8,3.055,66
6,3.055,
6,3.055,
4,3.054,76
7,3.054,32
7,3.054,45
10,3.053,82
3,3.053,
10,3.053,
5,3.053,70
5,3.053,71
24,3.052,71
6,3.052,64
6,3.052,70
20,3.052,61
3,3.052,63
8,3.051,72
13,3.051,70
4,3.051,
4,3.051,
6,3.051,68
6,3.051,65
5,3.05,63
5,3.05,64
3,3.05,69
3,3.05,70
3,3.05,72
6,3.05,
4,3.05,39
3,3.05,46
6,3.049,66
2,3.049,
10,3.049,69
7,3.048,70
6,3.048,
3,3.048,
4,3.048,73
6,3.047,64
4,3.047,
4,3.047,
15,3.047,62
6,3.047,68
4,3.047,
4,3.047,
4,3.047,70
4,3.047,70
3,3.046,
9,3.046,63
3,3.046,58
6,3.045,
5,3.045,52
3,3.045,65
3,3.045,68
4,3.045,
4,3.044,45
4,3.044,16
5,3.044,65
3,3.044,63
3,3.044,69
10,3.043,
10,3.043,
4,3.042,
5,3.042,50
5,3.042,62
6,3.042,68
7,3.042,76
4,3.042,63
4,3.042,56
11,3.042,70
6,3.041,46
4,3.04,
12,3.039,66
5,3.039,71
8,3.037,67
5,3.037,54
5,3.037,70
4,3.037,57
4,3.037,67
3,3.037,
3,3.037,
7,3.036,62
7,3.036,64
5,3.035,72
9,3.035,26
10,3.034,64
7,3.033,40
7,3.033,46
5,3.033,67
4,3.033,
4,3.033,
3,3.033,66
7,3.033,59
4,3.033,
4,3.033,70
4,3.033,71
26,3.032,74
5,3.032,
12,3.032,66
3,3.032,54
3,3.032,24
9,3.032,
5,3.032,65
4,3.031,60
4,3.031,59
12,3.031,61
3,3.03,61
3,3.03,58
32,3.03,77
6,3.03,28
6,3.03,30
11,3.03,71
8,3.03,68
3,3.03,49
10,3.029,77
7,3.029,
7,3.029,
4,3.028,67
4,3.028,64
3,3.028,
5,3.028,26
5,3.028,28
5,3.027,16
7,3.027,75
37,3.027,83
6,3.027,73
3,3.027,65
3,3.027,73
3,3.027,
3,3.027,
5,3.026,71
5,3.026,62
3,3.026,56
3,3.026,66
7,3.025,59
4,3.025,73
13,3.025,70
13,3.025,50
6,3.023,41
4,3.023,
4,3.023,77
3,3.023,66
3,3.023,62
8,3.023,64
15,3.023,57
3,3.022,62
3,3.022,63
4,3.022,67
4,3.022,64
12,3.022,63
33,3.022,70
3,3.022,25
29,3.022,71
4,3.022,72
4,3.022,66
5,3.02,68
5,3.02,66
19,3.02,78
11,3.02,72
4,3.019,
3,3.019,67
8,3.018,67
6,3.018,
6,3.018,
5,3.017,35
5,3.017,45
3,3.016,35
3,3.016,57
3,3.016,63
4,3.016,80
4,3.016,67
4,3.016,71
8,3.016,70
15,3.015,75
9,3.015,61
10,3.015,68
3,3.015,
3,3.015,52
14,3.015,72
9,3.014,34
5,3.014,55
5,3.014,19
7,3.013,68
7,3.013,65
4,3.012,71
4,3.012,75
8,3.012,68
4,3.011,75
3,3.011,
3,3.011,
7,3.011,
29,3.011,68
5,3.011,
5,3.011,
4,3.011,73
17,3.01,62
4,3.01,66
3,3.01,68
3,3.01,67
3,3.01,67
3,3.01,63
3,3.01,71
11,3.009,67
4,3.009,72
6,3.009,
4,3.008,
4,3.008,
4,3.008,70
6,3.008,
5,3.008,71
3,3.008,
6,3.007,
4,3.006,31
3,3.006,41
7,3.006,67
4,3.006,
3,3.005,65
3,3.005,26
7,3.005,61
3,3.005,62
3,3.005,66
6,3.005,56
6,3.005,39
6,3.005,65
3,3.005,68
3,3.005,
6,3.005,72
17,3.004,66
3,3.004,68
7,3.004,58
7,3.004,59
7,3.003,76
5,3.003,69
4,3.002,65
7,3.002,63
9,3.002,68
4,3.002,57
4,3.002,
4,3.002,69
4,3.002,
5,3.002,61
3,3.001,
3,3.001,
5,3.001,72
5,3.001,72
3,3.001,
3,3.001,
4,3,65
4,3,67
7,3,29
2,3,62
2,3,38
2,3,72
2,3,72
2,3,35
2,3,33
2,3,67
2,3,63
2,3,64
2,3,52
2,3,61
2,3,72
2,3,71
2,3,64
2,3,71
5,3,
2,3,70
2,3,60
2,3,69
2,3,69
2,3,50
1,3,
1,3,
1,3,
2,3,54
2,3,56
2,3,71
2,3,
2,3,
2,3,
3,3,63
2,3,69
2,3,66
2,3,74
2,3,28
2,3,69
2,3,58
2,3,62
2,3,74
2,3,50
2,3,61
2,3,55
2,3,
2,3,73
4,3,74
2,3,
2,3,66
2,3,68
2,3,80
2,3,78
2,3,66
2,3,43
2,3,26
2,3,68
15,3,68
6,3,15
6,3,15
2,3,
2,3,68
2,3,12
4,3,65
2,2.999,27
3,2.999,38
3,2.999,41
2,2.999,68
1,2.999,51
1,2.999,
2,2.999,61
2,2.999,69
2,2.999,69
2,2.999,75
2,2.999,71
2,2.999,71
2,2.999,63
2,2.999,60
2,2.999,52
2,2.999,44
2,2.999,40
2,2.999,63
2,2.999,49
2,2.999,
2,2.999,
7,2.999,
2,2.999,72
2,2.999,52
2,2.999,20
4,2.999,65
2,2.999,60
2,2.999,68
2,2.999,72
5,2.999,37
2,2.999,58
3,2.999,59
2,2.999,71
2,2.999,65
2,2.999,69
2,2.998,67
2,2.998,52
2,2.998,68
11,2.998,
2,2.998,56
5,2.998,67
2,2.998,68
2,2.998,64
2,2.998,74
2,2.998,53
2,2.998,57
3,2.998,31
3,2.998,65
3,2.998,69
10,2.998,67
2,2.998,65
3,2.998,69
3,2.998,66
3,2.998,66
3,2.998,69
2,2.998,56
2,2.998,73
2,2.998,70
2,2.997,65
2,2.997,69
2,2.997,65
2,2.997,
3,2.997,56
2,2.997,66
2,2.997,66
2,2.997,15
2,2.997,15
2,2.997,74
2,2.997,65
5,2.997,63
2,2.997,
2,2.997,60
3,2.997,71
9,2.996,74
3,2.996,64
4,2.996,68
4,2.996,66
9,2.996,72
3,2.996,69
3,2.996,68
4,2.996,63
2,2.996,
2,2.996,
2,2.996,67
2,2.996,
2,2.996,
6,2.996,68
4,2.996,77
6,2.996,
3,2.996,56
3,2.996,64
3,2.995,72
2,2.995,73
2,2.995,71
13,2.995,64
7,2.995,
3,2.995,65
2,2.995,71
4,2.995,62
2,2.994,77
4,2.994,22
7,2.994,35
2,2.994,58
2,2.994,57
12,2.993,67
12,2.993,66
3,2.993,70
3,2.993,61
3,2.993,70
2,2.993,74
3,2.993,
4,2.993,78
3,2.993,67
2,2.992,73
2,2.992,
5,2.992,85
4,2.992,60
3,2.992,51
2,2.992,77
7,2.992,64
11,2.991,71
11,2.991,62
4,2.99,70
4,2.99,48
9,2.99,30
2,2.99,
4,2.99,62
5,2.99,
5,2.99,
2,2.99,59
2,2.989,89
2,2.989,65
2,2.989,74
2,2.989,73
2,2.989,71
4,2.989,64
4,2.989,76
6,2.988,31
7,2.988,61
2,2.988,68
2,2.988,68
4,2.988,78
2,2.988,37
4,2.988,69
4,2.988,62
5,2.988,60
2,2.987,64
23,2.987,61
2,2.987,65
2,2.987,66
2,2.987,63
3,2.986,
3,2.986,65
6,2.986,59
6,2.986,52
6,2.986,47
7,2.986,
7,2.986,
2,2.986,57
4,2.986,77
7,2.986,61
2,2.986,82
8,2.985,67
10,2.985,68
2,2.985,57
2,2.985,63
4,2.985,66
2,2.985,68
3,2.985,54
3,2.984,66
3,2.983,69
3,2.983,61
15,2.982,65
4,2.982,66
4,2.982,67
5,2.982,60
10,2.982,74
4,2.981,34
4,2.981,34
11,2.981,69
6,2.981,52
10,2.98,32
4,2.98,45
10,2.98,69
3,2.98,
7,2.979,31
7,2.979,31
10,2.979,75
4,2.979,
4,2.979,36
2,2.979,65
4,2.978,57
4,2.978,50
5,2.978,66
5,2.978,70
9,2.978,59
6,2.978,
6,2.978,
3,2.978,71
3,2.978,64
5,2.977,65
2,2.977,24
3,2.977,31
3,2.977,31
3,2.977,
3,2.977,
9,2.977,73
9,2.977,44
9,2.977,35
4,2.977,68
4,2.977,67
4,2.977,68
4,2.977,71
8,2.976,62
3,2.975,
3,2.975,68
2,2.975,77
2,2.975,69
3,2.974,55
3,2.974,19
5,2.973,
5,2.973,
4,2.973,
5,2.972,
6,2.972,65
6,2.972,69
5,2.972,51
5,2.972,62
2,2.972,
8,2.971,
3,2.971,
3,2.971,
2,2.971,73
2,2.971,
2,2.971,63
8,2.97,50
8,2.97,54
8,2.97,78
2,2.97,59
2,2.969,
4,2.969,71
5,2.969,57
13,2.969,70
4,2.968,65
4,2.968,62
4,2.967,65
4,2.967,68
2,2.967,
4,2.967,72
3,2.966,
10,2.966,73
7,2.966,
7,2.966,
7,2.965,
4,2.965,73
6,2.965,72
7,2.964,63
5,2.964,59
5,2.963,
5,2.963,71
2,2.963,
10,2.963,70
6,2.963,68
6,2.963,69
4,2.963,53
4,2.963,63
4,2.963,73
3,2.963,69
3,2.962,64
3,2.962,63
3,2.962,72
3,2.962,72
6,2.961,72
3,2.961,64
3,2.961,64
4,2.961,68
4,2.961,69
4,2.96,60
5,2.96,56
2,2.96,66
2,2.96,63
4,2.959,70
4,2.959,70
2,2.957,65
2,2.957,65
3,2.957,19
3,2.957,19
8,2.957,48
2,2.957,70
7,2.956,73
2,2.956,
2,2.956,
3,2.956,68
3,2.956,71
9,2.955,42
13,2.955,72
2,2.955,76
8,2.954,64
10,2.954,71
3,2.953,53
4,2.953,18
4,2.953,19
2,2.953,62
2,2.953,59
4,2.952,47
8,2.952,76
3,2.952,69
7,2.952,69
3,2.951,66
3,2.951,69
2,2.951,65
2,2.951,70
7,2.951,64
3,2.95,49
3,2.95,56
2,2.95,
3,2.95,
3,2.95,42
3,2.95,27
3,2.95,65
1,2.95,
1,2.95,
3,2.95,61
1,2.95,
1,2.95,
2,2.95,29
2,2.95,70
2,2.95,76
2,2.95,58
2,2.95,79
2,2.95,75
2,2.95,41
2,2.95,48
2,2.95,72
2,2.95,58
2,2.95,65
2,2.95,
2,2.95,62
3,2.95,68
3,2.95,
2,2.95,70
4,2.95,68
4,2.95,70
12,2.949,69
3,2.949,
2,2.949,69
2,2.949,69
2,2.949,80
2,2.949,60
3,2.949,64
4,2.949,66
4,2.949,65
2,2.949,
2,2.949,
4,2.949,72
6,2.948,70
2,2.948,
2,2.948,
2,2.948,
2,2.948,
2,2.948,72
2,2.948,72
2,2.948,61
7,2.948,
7,2.948,
2,2.948,
2,2.948,
2,2.947,
2,2.947,
2,2.947,80
2,2.947,
2,2.947,
3,2.946,71
3,2.946,73
6,2.946,64
2,2.946,
2,2.945,
2,2.945,59
2,2.945,
2,2.945,51
2,2.945,60
7,2.945,
7,2.945,
6,2.945,62
2,2.944,69
2,2.944,72
10,2.944,63
16,2.944,62
4,2.944,21
4,2.944,20
6,2.944,63
6,2.944,60
2,2.944,66
2,2.944,71
2,2.944,64
3,2.944,63
4,2.943,61
4,2.943,64
8,2.943,
2,2.942,65
15,2.941,69
2,2.94,
2,2.94,
3,2.939,
3,2.939,62
4,2.939,76
2,2.938,76
2,2.938,77
4,2.938,41
2,2.938,
6,2.938,64
4,2.937,74
4,2.937,76
2,2.937,82
3,2.937,74
3,2.937,57
2,2.937,60
2,2.937,
13,2.937,69
8,2.937,72
2,2.937,67
27,2.936,78
2,2.936,74
2,2.936,77
2,2.935,69
2,2.935,67
21,2.935,61
3,2.935,67
5,2.935,
6,2.934,
6,2.934,71
3,2.933,51
3,2.933,35
4,2.932,58
2,2.932,61
2,2.932,63
6,2.932,55
2,2.932,65
2,2.932,71
6,2.932,66
7,2.932,
7,2.932,
5,2.932,61
2,2.931,
2,2.931,61
9,2.931,59
6,2.931,
6,2.931,
5,2.929,50
2,2.929,46
8,2.929,64
3,2.928,53
3,2.928,
2,2.928,60
3,2.928,63
3,2.928,63
8,2.928,65
2,2.928,
2,2.928,
2,2.928,58
2,2.928,44
2,2.928,
3,2.927,65
2,2.927,
2,2.927,
2,2.926,65
4,2.926,66
14,2.926,68
4,2.925,
4,2.925,
2,2.925,77
3,2.925,
3,2.925,
4,2.925,72
4,2.924,70
2,2.924,61
4,2.924,
4,2.924,
4,2.924,68
9,2.924,44
2,2.923,
6,2.923,66
6,2.923,62
3,2.923,
3,2.923,
4,2.923,51
2,2.922,60
2,2.922,64
2,2.922,
2,2.922,
2,2.922,
2,2.922,
5,2.922,
5,2.922,
7,2.922,
7,2.922,
3,2.922,66
3,2.922,45
2,2.922,68
2,2.922,70
2,2.922,
2,2.922,65
8,2.922,69
7,2.922,
4,2.922,
4,2.922,
5,2.921,77
2,2.92,
10,2.92,64
2,2.919,67
2,2.919,69
5,2.919,70
5,2.919,67
10,2.918,70
4,2.918,67
38,2.918,71
4,2.918,72
10,2.918,64
20,2.918,64
2,2.917,70
3,2.917,
4,2.916,75
4,2.916,
5,2.916,69
5,2.916,63
3,2.916,46
3,2.916,71
8,2.915,
4,2.915,65
4,2.915,69
2,2.914,
2,2.914,
3,2.914,68
4,2.914,67
4,2.914,58
2,2.914,
2,2.914,
2,2.914,
6,2.914,73
2,2.913,
2,2.913,
2,2.913,
4,2.913,68
10,2.913,75
29,2.913,62
10,2.912,74
11,2.912,70
6,2.911,21
2,2.911,
2,2.911,
2,2.909,66
2,2.909,59
5,2.909,59
4,2.909,75
10,2.909,68
2,2.908,82
2,2.908,81
5,2.908,44
2,2.907,62
4,2.907,64
3,2.907,
3,2.907,76
4,2.906,70
4,2.906,69
2,2.905,62
2,2.905,62
6,2.905,72
2,2.904,73
2,2.904,68
8,2.904,
4,2.904,69
4,2.904,71
2,2.904,68
6,2.903,72
2,2.903,74
6,2.903,44
6,2.903,64
3,2.903,59
2,2.903,28
2,2.903,57
7,2.903,
7,2.903,
2,2.902,
2,2.902,
5,2.901,82
10,2.901,65
2,2.901,19
2,2.901,19
2,2.901,64
2,2.901,
2,2.901,79
2,2.901,73
2,2.9,59
2,2.9,75
4,2.9,61
2,2.9,82
2,2.9,70
3,2.9,19
2,2.9,65
2,2.9,
2,2.9,17
2,2.9,17
2,2.9,38
2,2.9,70
2,2.9,
2,2.9,67
2,2.9,70
2,2.9,
2,2.9,
2,2.9,60
11,2.9,70
5,2.9,78
5,2.9,72
4,2.899,59
4,2.899,75
4,2.899,20
4,2.898,58
4,2.898,73
4,2.898,
4,2.898,73
6,2.898,
2,2.898,85
4,2.898,72
4,2.897,
4,2.897,
2,2.897,
8,2.897,
8,2.896,77
6,2.896,66
6,2.896,67
6,2.896,66
29,2.895,62
2,2.895,65
4,2.895,60
4,2.895,
7,2.895,51
5,2.895,51
6,2.894,40
3,2.894,51
5,2.894,58
4,2.894,
5,2.893,60
5,2.893,44
2,2.893,78
2,2.893,78
31,2.893,62
4,2.893,73
4,2.893,72
5,2.891,
5,2.891,58
3,2.891,72
2,2.891,64
37,2.89,71
2,2.89,67
2,2.89,59
4,2.888,58
4,2.888,51
2,2.887,64
3,2.887,62
4,2.887,72
2,2.886,
2,2.886,
3,2.884,70
3,2.884,76
6,2.884,67
5,2.883,60
7,2.883,
8,2.882,73
5,2.881,40
5,2.881,38
3,2.879,63
2,2.878,68
2,2.878,71
4,2.877,75
4,2.877,70
5,2.876,49
7,2.876,56
7,2.876,25
7,2.876,26
6,2.874,13
2,2.873,71
2,2.873,67
3,2.872,
3,2.872,
5,2.871,
7,2.869,
8,2.868,13
3,2.868,71
5,2.867,69
8,2.867,78
3,2.867,
4,2.866,
4,2.866,
5,2.863,55
5,2.863,69
12,2.863,
5,2.862,66
5,2.862,71
5,2.86,
8,2.859,75
6,2.859,
6,2.859,72
6,2.857,66
6,2.857,70
8,2.856,56
2,2.855,
4,2.855,68
7,2.854,57
6,2.853,53
4,2.852,64
10,2.852,65
10,2.852,71
2,2.851,75
2,2.851,
7,2.851,64
3,2.85,39
3,2.85,36
3,2.85,
2,2.85,57
2,2.85,18
2,2.85,18
4,2.85,
7,2.849,66
5,2.848,
5,2.848,70
4,2.848,69
7,2.846,67
8,2.846,62
4,2.845,77
3,2.845,56
5,2.843,61
5,2.843,73
2,2.842,
6,2.841,76
4,2.839,76
7,2.836,
8,2.836,68
4,2.831,69
4,2.831,69
8,2.831,59
8,2.831,44
9,2.829,69
4,2.827,74
2,2.825,
4,2.822,
7,2.821,59
4,2.817,
7,2.814,
8,2.814,66
8,2.814,68
8,2.814,57
6,2.809,73
4,2.808,
2,2.808,69
6,2.807,68
3,2.806,60
5,2.804,36
6,2.804,55
2,2.803,
2,2.802,
2,2.802,75
3,2.801,67
4,2.8,57
2,2.8,66
2,2.8,
2,2.8,
4,2.8,70
5,2.799,73
5,2.799,72
6,2.799,39
17,2.798,60
3,2.795,56
3,2.787,78
4,2.784,69
7,2.782,
8,2.777,
8,2.777,
24,2.777,40
23,2.775,74
7,2.767,
8,2.761,70
5,2.757,63
20,2.755,83
20,2.75,72
6,2.748,38
8,2.748,71
7,2.744,68
8,2.731,64
8,2.731,69
4,2.728,54
4,2.72,
13,2.718,41
4,2.717,51
5,2.716,72
4,2.715,72
8,2.714,72
22,2.713,70
4,2.713,
9,2.71,71
7,2.702,69
16,2.701,64
4,2.7,65
6,2.699,22
10,2.686,68
12,2.686,52
4,2.664,25
8,2.656,
8,2.656,
4,2.65,21
3,2.648,69
8,2.637,67
5,2.629,72
3,2.627,
14,2.617,79
6,2.613,73
10,2.608,67
4,2.602,
4,2.602,
4,2.602,62
4,2.602,70
3,2.6,30
3,2.6,64
3,2.6,62
3,2.6,
6,2.6,74
6,2.6,71
3,2.6,75
3,2.599,27
3,2.599,73
7,2.599,71
3,2.599,63
3,2.598,
3,2.598,73
7,2.597,69
5,2.596,73
5,2.594,65
3,2.586,59
5,2.585,37
4,2.581,75
4,2.58,31
4,2.58,22
6,2.576,76
7,2.572,68
4,2.561,72
6,2.548,73
3,2.546,67
4,2.523,41
4,2.523,28
3,2.519,
3,2.519,
3,2.519,
3,2.518,60
3,2.518,45
4,2.511,73
4,2.508,71
4,2.507,34
4,2.507,38
2,2.5,56
2,2.5,42
2,2.5,59
2,2.5,75
2,2.5,66
2,2.5,44
5,2.5,68
5,2.5,62
2,2.5,53
2,2.5,63
2,2.5,12
2,2.5,13
2,2.5,52
2,2.5,64
2,2.5,70
4,2.5,49
4,2.5,57
2,2.5,81
2,2.5,88
2,2.5,65
2,2.5,70
2,2.5,61
2,2.5,69
2,2.5,67
4,2.5,77
4,2.5,72
4,2.5,63
2,2.5,58
2,2.5,21
2,2.5,55
4,2.5,59
4,2.5,61
2,2.5,13
2,2.5,38
2,2.5,
2,2.5,
4,2.5,15
2,2.499,77
2,2.499,67
2,2.499,25
4,2.499,67
4,2.499,68
2,2.499,
2,2.499,
2,2.498,30
2,2.497,72
2,2.497,
4,2.496,48
7,2.495,76
2,2.495,
7,2.494,47
2,2.492,69
4,2.492,66
4,2.492,72
4,2.49,
4,2.49,
4,2.487,68
4,2.487,69
4,2.487,
3,2.482,75
7,2.481,
3,2.481,
3,2.481,
4,2.481,39
4,2.481,25
3,2.478,66
3,2.478,69
5,2.476,
5,2.476,
2,2.471,63
2,2.461,62
2,2.449,74
2,2.449,62
2,2.437,68
2,2.437,66
3,2.418,80
3,2.418,81
2,2.411,78
2,2.411,77
4,2.409,62
4,2.409,19
4,2.408,
4,2.408,
4,2.407,70
4,2.407,68
2,2.4,64
4,2.4,39
2,2.387,
2,2.387,
4,2.385,
4,2.381,
4,2.381,72
4,2.341,
4,2.341,
7,2.307,64
2,2.3,69
3,2.297,59
3,2.297,61
3,2.267,55
3,2.1,33
3,2.1,66
3,2.1,18
2,2,53
2,2,27
4,1.713,70
4,1.487,69
5,1.3,39
