22,5.558,28
79,5.395,33
26,5.322,33
50,5.281,62
47,5.26,29
13,5.259,55
45,5.251,38
54,5.247,53
71,5.228,50
54,5.173,49
24,5.168,65
22,5.166,37
29,5.145,52
16,5.144,24
7,5.122,
12,5.107,58
6,5.104,27
12,5.101,40
118,5.092,47
46,5.088,48
68,5.086,66
45,5.072,50
10,5.065,50
34,5.065,53
25,5.063,57
21,5.06,47
23,5.06,60
17,5.06,
87,5.056,59
70,5.053,43
4,5.046,
4,5.046,
33,5.041,54
52,5.039,54
7,5.033,50
105,5.028,51
17,5.028,42
18,5.017,68
16,5.013,39
11,5.009,
23,5.008,42
36,5.001,43
5,5,
2,5,61
3,5,57
11,5,28
11,5,63
26,4.993,49
11,4.984,41
109,4.979,53
75,4.972,50
2,4.97,26
9,4.955,46
98,4.954,52
6,4.946,44
28,4.945,56
92,4.942,38
46,4.941,53
9,4.939,56
4,4.937,
34,4.934,55
8,4.933,28
50,4.928,54
36,4.927,27
59,4.926,36
32,4.924,40
6,4.923,46
93,4.912,48
2,4.901,
29,4.897,52
24,4.894,60
6,4.893,49
21,4.892,50
29,4.89,57
10,4.872,23
40,4.871,25
37,4.866,37
12,4.866,47
4,4.863,
46,4.861,64
40,4.86,61
77,4.86,58
6,4.859,63
16,4.859,45
94,4.859,52
88,4.857,68
43,4.854,49
82,4.853,53
4,4.85,
4,4.85,
2,4.85,
2,4.85,
28,4.847,40
14,4.845,52
64,4.845,53
11,4.837,52
2,4.835,
89,4.834,67
73,4.832,46
80,4.831,54
40,4.827,60
28,4.826,54
39,4.825,43
23,4.823,45
48,4.821,62
13,4.818,58
20,4.808,55
33,4.807,62
18,4.806,57
42,4.801,54
3,4.8,
3,4.8,
2,4.8,
2,4.8,
38,4.795,38
20,4.795,42
64,4.785,56
29,4.783,36
4,4.782,29
24,4.776,46
33,4.77,57
48,4.768,31
76,4.767,60
17,4.766,54
22,4.759,60
11,4.75,60
58,4.75,51
26,4.746,52
19,4.744,61
34,4.743,58
28,4.736,57
24,4.736,48
8,4.736,55
28,4.735,34
6,4.734,24
19,4.734,52
54,4.728,60
8,4.726,62
18,4.722,64
8,4.722,59
28,4.718,60
40,4.714,54
112,4.713,52
21,4.71,53
8,4.708,26
15,4.707,61
6,4.706,62
40,4.702,44
12,4.701,46
16,4.7,40
4,4.7,23
16,4.7,40
25,4.692,60
48,4.69,64
9,4.69,51
6,4.687,
26,4.686,62
67,4.685,49
14,4.676,49
12,4.675,65
27,4.672,44
15,4.669,29
32,4.668,33
10,4.667,33
9,4.663,58
39,4.657,54
7,4.657,38
12,4.655,
54,4.654,59
24,4.653,37
35,4.643,58
18,4.641,40
41,4.64,41
10,4.64,70
9,4.639,58
5,4.628,
96,4.627,34
25,4.627,54
35,4.626,65
82,4.625,65
33,4.624,50
33,4.624,40
13,4.618,57
17,4.617,45
47,4.617,14
16,4.615,45
36,4.613,61
9,4.61,57
4,4.604,34
20,4.603,36
11,4.601,49
6,4.601,45
9,4.601,50
54,4.599,61
33,4.594,56
37,4.593,55
23,4.592,62
116,4.591,61
8,4.591,40
42,4.589,63
24,4.587,41
18,4.58,31
43,4.576,53
80,4.575,55
31,4.57,26
7,4.569,62
6,4.568,
26,4.563,45
9,4.562,
10,4.561,53
11,4.554,46
4,4.552,69
12,4.551,27
26,4.549,63
37,4.548,53
8,4.546,60
21,4.545,62
84,4.542,55
16,4.538,51
16,4.538,46
32,4.535,60
8,4.535,57
33,4.534,50
9,4.529,64
22,4.528,49
9,4.526,36
51,4.52,61
6,4.519,37
136,4.518,58
20,4.514,43
68,4.513,52
3,4.512,52
17,4.512,34
77,4.511,56
4,4.51,57
25,4.508,56
10,4.507,
138,4.506,66
24,4.506,38
12,4.503,54
46,4.503,70
19,4.501,55
19,4.501,59
2,4.5,67
11,4.5,40
49,4.499,63
2,4.499,62
7,4.498,25
2,4.495,62
4,4.495,59
21,4.492,54
33,4.491,60
68,4.488,24
2,4.486,50
21,4.483,58
25,4.481,26
9,4.478,57
26,4.476,56
107,4.475,60
43,4.474,48
18,4.471,65
28,4.469,47
33,4.468,69
13,4.468,62
53,4.468,61
68,4.466,62
26,4.463,53
7,4.459,55
2,4.458,67
47,4.457,52
32,4.454,39
9,4.452,42
29,4.449,57
17,4.449,54
81,4.447,51
12,4.446,54
16,4.444,25
7,4.443,57
4,4.441,31
8,4.441,31
2,4.44,48
2,4.439,34
37,4.439,73
68,4.438,60
47,4.436,59
85,4.436,57
9,4.434,64
7,4.432,59
30,4.43,67
20,4.429,36
28,4.429,58
15,4.429,51
4,4.429,64
18,4.427,56
7,4.426,65
67,4.424,49
3,4.423,
4,4.421,49
18,4.42,38
4,4.42,
31,4.419,37
4,4.418,42
21,4.418,59
13,4.417,64
10,4.416,60
15,4.415,62
30,4.41,68
8,4.41,43
5,4.409,38
37,4.407,66
6,4.405,52
117,4.405,55
7,4.405,61
8,4.404,59
6,4.404,
18,4.403,60
13,4.402,61
17,4.401,54
83,4.401,56
1,4.401,25
5,4.4,64
5,4.4,
3,4.4,65
2,4.399,53
4,4.399,59
5,4.398,
4,4.396,56
15,4.391,67
47,4.389,43
7,4.389,54
42,4.388,63
7,4.388,65
15,4.387,59
9,4.387,61
5,4.385,60
12,4.385,38
26,4.384,57
20,4.383,44
20,4.382,56
36,4.382,56
57,4.376,58
58,4.375,67
13,4.372,58
46,4.371,60
41,4.371,54
49,4.369,56
8,4.369,42
4,4.368,38
7,4.368,65
29,4.366,43
4,4.365,40
18,4.365,60
7,4.364,40
70,4.364,45
7,4.364,
6,4.363,56
10,4.363,28
36,4.363,51
16,4.363,47
35,4.362,32
4,4.355,56
50,4.354,60
25,4.352,57
9,4.351,54
2,4.35,59
36,4.349,35
32,4.349,58
28,4.348,32
8,4.346,55
18,4.345,58
63,4.345,48
10,4.344,49
9,4.339,62
10,4.337,
40,4.336,68
62,4.333,67
65,4.332,70
13,4.332,55
19,4.331,50
22,4.328,34
33,4.327,65
45,4.324,72
3,4.324,31
28,4.324,53
7,4.32,62
24,4.319,56
3,4.318,58
108,4.318,40
44,4.317,58
18,4.316,56
5,4.316,52
6,4.315,58
44,4.314,65
11,4.314,63
7,4.313,38
35,4.312,63
27,4.311,54
13,4.306,37
22,4.306,29
26,4.306,46
15,4.304,64
44,4.304,69
4,4.303,49
37,4.303,61
4,4.302,54
51,4.302,65
6,4.302,
24,4.302,39
5,4.301,62
7,4.301,34
5,4.301,38
5,4.301,58
15,4.3,55
4,4.3,26
38,4.297,58
15,4.296,60
55,4.294,57
14,4.294,57
7,4.293,59
32,4.293,71
35,4.292,62
4,4.292,40
80,4.292,58
8,4.291,64
28,4.289,54
22,4.288,60
19,4.288,37
23,4.287,63
13,4.287,59
10,4.287,63
28,4.285,57
45,4.285,45
22,4.285,44
33,4.284,56
7,4.284,65
4,4.282,45
13,4.281,66
25,4.279,71
24,4.277,56
22,4.277,61
20,4.273,26
93,4.272,60
35,4.27,63
9,4.266,70
19,4.265,56
57,4.264,56
41,4.261,57
8,4.26,15
20,4.259,47
17,4.259,33
27,4.256,62
37,4.255,62
14,4.253,56
6,4.252,
6,4.252,
28,4.252,58
26,4.252,52
39,4.252,51
42,4.25,65
42,4.25,62
42,4.25,60
36,4.248,56
17,4.248,72
35,4.244,48
11,4.243,62
44,4.242,53
23,4.242,62
29,4.241,61
15,4.24,59
15,4.236,52
43,4.234,47
12,4.234,59
19,4.234,46
11,4.231,56
22,4.228,62
5,4.226,45
23,4.225,63
16,4.224,68
54,4.224,48
12,4.223,65
10,4.222,70
10,4.222,73
46,4.222,66
9,4.221,67
49,4.221,51
4,4.217,
21,4.217,58
38,4.216,62
32,4.216,51
87,4.215,57
4,4.212,55
23,4.211,63
19,4.209,68
6,4.209,63
13,4.208,72
45,4.208,60
21,4.207,55
45,4.207,63
91,4.205,50
9,4.205,56
48,4.204,55
46,4.203,69
25,4.197,59
21,4.197,53
29,4.195,45
29,4.194,51
5,4.193,70
8,4.193,53
17,4.193,55
46,4.193,67
4,4.191,31
15,4.189,47
16,4.187,30
4,4.185,47
11,4.185,53
7,4.181,58
21,4.181,
38,4.181,61
5,4.181,60
40,4.18,62
10,4.179,67
10,4.179,61
49,4.178,61
19,4.178,64
3,4.178,57
6,4.177,57
5,4.177,57
8,4.176,70
8,4.175,58
16,4.172,70
24,4.172,37
16,4.17,62
14,4.17,52
10,4.17,50
65,4.17,60
13,4.17,65
25,4.169,60
29,4.169,67
41,4.169,59
23,4.168,53
9,4.167,52
31,4.167,60
11,4.167,59
28,4.167,59
31,4.166,71
84,4.165,53
11,4.165,55
23,4.165,57
48,4.164,54
31,4.164,38
81,4.163,60
9,4.161,53
8,4.157,53
16,4.157,45
36,4.157,52
22,4.157,54
45,4.156,44
4,4.155,50
4,4.155,50
5,4.153,
5,4.153,59
15,4.153,66
11,4.15,21
17,4.15,51
4,4.149,56
36,4.149,73
34,4.148,30
8,4.147,38
44,4.146,46
13,4.145,67
5,4.144,63
37,4.143,74
40,4.141,56
5,4.139,33
5,4.139,
12,4.138,
4,4.137,52
4,4.137,46
18,4.137,65
4,4.137,53
29,4.136,51
4,4.135,66
4,4.135,65
7,4.135,60
7,4.135,45
15,4.134,59
33,4.133,54
23,4.133,60
40,4.132,53
5,4.131,57
13,4.13,58
19,4.129,56
9,4.129,55
34,4.129,59
19,4.128,48
5,4.128,51
9,4.128,64
9,4.128,70
12,4.127,48
13,4.127,60
12,4.126,65
13,4.126,62
13,4.126,56
4,4.125,
69,4.125,62
32,4.125,41
4,4.124,58
4,4.124,58
5,4.124,
6,4.122,57
4,4.119,
29,4.118,49
27,4.118,57
8,4.114,
47,4.11,60
7,4.109,65
6,4.108,67
27,4.108,60
4,4.108,57
24,4.107,63
12,4.107,72
11,4.106,63
12,4.106,61
9,4.106,65
5,4.104,58
18,4.104,60
26,4.104,61
9,4.103,62
9,4.103,62
39,4.102,65
13,4.101,57
19,4.101,56
3,4.1,66
6,4.1,31
5,4.1,61
23,4.1,48
10,4.1,
10,4.1,
4,4.099,43
3,4.099,
3,4.099,
3,4.099,60
3,4.099,55
3,4.097,57
6,4.096,65
25,4.096,58
28,4.096,68
5,4.095,67
8,4.094,67
9,4.094,
6,4.093,63
6,4.093,
21,4.092,69
4,4.091,42
4,4.091,61
14,4.09,49
3,4.09,57
13,4.089,58
3,4.086,55
5,4.084,29
9,4.083,
5,4.082,36
4,4.081,60
4,4.081,62
32,4.08,57
10,4.08,
5,4.078,57
5,4.077,47
5,4.077,60
6,4.077,
12,4.076,33
28,4.076,43
3,4.073,63
20,4.072,57
4,4.071,52
17,4.071,55
8,4.07,58
38,4.07,51
31,4.069,57
5,4.069,53
27,4.068,65
23,4.068,63
29,4.068,46
38,4.067,60
68,4.067,63
33,4.067,56
62,4.066,60
7,4.066,50
7,4.066,
11,4.064,72
14,4.064,65
46,4.064,53
15,4.064,51
13,4.063,55
24,4.063,57
6,4.062,56
60,4.061,57
14,4.06,54
6,4.059,43
6,4.058,
11,4.058,64
6,4.056,59
54,4.056,57
10,4.055,50
34,4.051,52
5,4.05,66
9,4.05,52
26,4.049,63
3,4.049,47
3,4.049,68
52,4.049,54
26,4.049,52
3,4.049,62
11,4.046,41
50,4.046,51
11,4.045,58
26,4.045,61
10,4.044,59
11,4.043,
10,4.043,76
21,4.043,66
12,4.042,50
12,4.042,63
14,4.041,
6,4.04,51
4,4.04,56
4,4.04,59
3,4.038,59
3,4.038,46
8,4.038,77
16,4.037,69
17,4.036,45
9,4.033,43
10,4.032,61
24,4.032,59
18,4.031,58
36,4.031,62
9,4.031,53
32,4.03,51
4,4.03,66
29,4.029,58
20,4.029,44
9,4.027,53
6,4.025,
15,4.025,66
22,4.025,55
37,4.024,75
4,4.023,41
53,4.022,57
7,4.021,57
11,4.021,63
19,4.02,
16,4.02,74
16,4.02,67
21,4.019,63
12,4.017,72
24,4.017,61
13,4.017,62
11,4.017,65
6,4.017,
8,4.015,46
63,4.015,54
66,4.015,70
6,4.014,59
5,4.013,
9,4.012,64
91,4.012,65
8,4.012,22
30,4.011,59
81,4.01,60
3,4.01,
15,4.009,59
19,4.009,68
3,4.007,46
56,4.006,65
25,4.005,70
5,4.005,71
3,4.005,54
11,4.004,59
12,4.004,24
2,4.003,50
15,4.003,72
7,4.003,37
4,4.002,69
3,4.002,61
7,4.002,52
4,4.001,53
3,4,57
4,4,70
5,4,61
4,4,65
3,4,31
4,4,69
2,4,62
2,4,26
3,4,
9,4,60
4,4,55
42,3.999,70
7,3.999,59
12,3.999,54
3,3.999,37
3,3.999,50
2,3.999,47
2,3.999,23
4,3.999,59
6,3.999,71
5,3.999,41
5,3.999,55
5,3.999,64
5,3.998,88
27,3.998,57
17,3.996,53
10,3.996,43
13,3.996,67
2,3.996,61
22,3.995,66
5,3.995,64
2,3.995,64
3,3.995,60
3,3.995,47
5,3.994,52
6,3.994,53
11,3.994,61
35,3.994,59
2,3.994,37
5,3.994,56
5,3.994,55
52,3.993,65
3,3.992,59
7,3.992,76
9,3.992,62
5,3.992,68
23,3.992,59
48,3.992,50
12,3.992,61
2,3.991,65
2,3.991,54
21,3.99,58
22,3.99,61
27,3.99,69
3,3.99,59
3,3.99,55
27,3.989,65
2,3.989,57
21,3.988,58
27,3.988,62
4,3.988,64
23,3.987,66
6,3.987,59
3,3.987,72
4,3.986,38
7,3.984,69
4,3.984,
10,3.983,
30,3.983,52
14,3.983,60
3,3.983,77
2,3.982,
3,3.982,64
6,3.982,
6,3.982,
15,3.981,60
27,3.981,65
5,3.98,70
28,3.98,53
2,3.98,73
6,3.979,52
27,3.977,67
22,3.977,57
6,3.975,
2,3.974,57
8,3.972,49
13,3.971,42
22,3.97,53
39,3.969,59
39,3.969,64
5,3.968,59
17,3.966,60
26,3.966,61
3,3.966,72
7,3.966,42
8,3.964,70
18,3.964,60
3,3.963,62
3,3.963,65
3,3.96,
3,3.96,
17,3.96,52
4,3.96,48
4,3.96,54
2,3.958,40
2,3.958,40
55,3.958,53
5,3.958,35
27,3.957,49
29,3.957,66
3,3.955,59
16,3.955,54
7,3.955,36
23,3.955,60
6,3.955,55
6,3.955,56
9,3.953,63
3,3.952,62
13,3.952,52
108,3.952,69
4,3.951,57
19,3.951,50
3,3.95,64
2,3.95,74
3,3.948,
35,3.948,57
56,3.946,54
18,3.945,58
2,3.944,22
2,3.944,54
11,3.943,63
24,3.943,59
18,3.942,64
18,3.942,59
37,3.942,60
7,3.942,59
6,3.941,
40,3.941,51
7,3.94,75
6,3.94,59
28,3.94,77
6,3.94,66
2,3.94,55
17,3.94,54
3,3.939,70
26,3.939,56
4,3.938,69
32,3.937,61
5,3.937,48
5,3.937,46
10,3.936,35
5,3.935,53
16,3.935,60
2,3.934,63
27,3.934,59
30,3.932,32
11,3.93,55
4,3.929,61
4,3.929,59
2,3.929,
2,3.929,
37,3.929,63
17,3.928,53
2,3.927,45
2,3.927,50
4,3.925,69
3,3.924,58
14,3.924,70
28,3.924,53
61,3.924,65
30,3.924,29
4,3.924,58
2,3.922,
3,3.922,71
25,3.922,60
19,3.922,31
38,3.921,57
6,3.92,54
4,3.92,34
4,3.92,41
5,3.92,59
2,3.919,63
40,3.919,31
3,3.919,31
11,3.917,60
43,3.917,70
20,3.917,70
2,3.917,66
12,3.916,68
71,3.915,59
3,3.915,
2,3.914,49
65,3.914,56
5,3.914,45
3,3.913,65
3,3.913,57
17,3.913,44
17,3.912,53
5,3.911,64
14,3.911,65
8,3.91,39
3,3.91,
2,3.908,
41,3.908,52
2,3.907,58
2,3.907,
29,3.907,57
10,3.906,60
3,3.906,60
13,3.905,57
4,3.905,56
4,3.905,54
5,3.905,50
7,3.905,
2,3.904,58
3,3.904,60
5,3.904,57
21,3.903,56
56,3.903,55
3,3.903,
11,3.902,62
5,3.902,65
3,3.902,71
3,3.902,64
7,3.902,66
44,3.902,49
3,3.901,52
3,3.901,53
3,3.9,65
5,3.9,55
7,3.9,64
11,3.9,59
15,3.9,51
65,3.898,53
3,3.898,41
32,3.897,68
2,3.894,67
4,3.894,38
3,3.893,
9,3.892,
7,3.892,60
18,3.892,57
10,3.891,60
11,3.891,59
11,3.891,58
7,3.891,66
13,3.89,70
10,3.89,66
32,3.889,63
7,3.888,61
2,3.888,71
2,3.888,58
10,3.888,57
12,3.888,
12,3.888,
2,3.887,68
2,3.887,57
9,3.887,55
34,3.887,64
66,3.887,54
19,3.887,71
2,3.886,56
2,3.886,56
51,3.885,62
6,3.885,53
20,3.885,23
10,3.885,73
17,3.883,69
5,3.882,71
5,3.882,67
9,3.882,63
8,3.882,51
10,3.882,54
31,3.882,62
5,3.881,
5,3.881,
30,3.88,64
15,3.879,64
31,3.879,54
12,3.879,69
17,3.878,53
2,3.878,48
2,3.878,
2,3.878,
9,3.877,63
18,3.876,55
20,3.876,46
24,3.875,34
25,3.873,59
14,3.873,57
6,3.872,
15,3.871,75
9,3.869,48
18,3.869,65
26,3.868,
11,3.867,62
3,3.866,69
24,3.866,63
4,3.865,59
3,3.862,55
27,3.862,62
23,3.862,57
13,3.861,57
2,3.861,57
8,3.861,65
36,3.86,59
27,3.86,64
31,3.86,57
12,3.859,60
34,3.859,67
10,3.859,
16,3.859,59
16,3.859,59
20,3.859,46
8,3.858,66
11,3.857,61
7,3.857,59
6,3.856,55
4,3.854,62
4,3.854,60
5,3.854,55
15,3.853,54
4,3.852,67
2,3.852,34
3,3.851,62
21,3.851,69
21,3.851,64
6,3.848,66
9,3.848,
44,3.847,32
7,3.847,52
16,3.846,66
10,3.846,24
15,3.845,56
15,3.845,47
4,3.844,74
19,3.843,53
11,3.841,58
20,3.839,
19,3.839,42
6,3.838,58
36,3.838,53
7,3.837,57
27,3.835,57
30,3.834,63
32,3.833,57
37,3.833,66
4,3.832,64
13,3.831,52
10,3.831,65
4,3.83,51
4,3.83,54
24,3.83,56
4,3.83,57
5,3.828,61
45,3.826,61
5,3.826,55
21,3.826,56
2,3.825,61
2,3.824,51
9,3.824,67
51,3.823,64
7,3.821,61
47,3.821,56
7,3.821,26
5,3.821,63
20,3.82,64
20,3.82,72
22,3.82,55
6,3.817,63
4,3.816,67
51,3.816,69
21,3.815,58
32,3.814,67
6,3.814,63
17,3.814,55
17,3.814,57
16,3.813,71
9,3.813,53
4,3.813,61
39,3.813,55
18,3.812,59
9,3.812,
43,3.811,14
35,3.811,72
15,3.811,
12,3.811,36
10,3.81,74
45,3.81,67
23,3.81,63
13,3.81,56
5,3.809,55
2,3.808,63
5,3.808,17
3,3.807,
8,3.807,63
18,3.805,56
6,3.805,56
2,3.804,
10,3.802,65
3,3.802,
12,3.802,
3,3.801,
2,3.801,62
2,3.801,59
12,3.801,69
12,3.801,63
12,3.801,59
21,3.801,58
4,3.8,64
11,3.8,55
2,3.8,49
2,3.8,41
10,3.8,21
10,3.799,63
7,3.798,
7,3.798,
27,3.798,69
19,3.797,53
4,3.797,57
4,3.797,48
5,3.796,67
25,3.796,65
27,3.796,58
27,3.796,57
4,3.795,46
8,3.795,71
9,3.794,61
6,3.793,54
11,3.791,39
28,3.789,53
19,3.789,73
21,3.788,69
8,3.787,74
10,3.786,48
49,3.786,60
51,3.785,55
5,3.784,
5,3.784,
7,3.784,38
5,3.784,55
5,3.784,55
57,3.784,71
7,3.783,51
6,3.783,24
35,3.782,64
61,3.782,66
6,3.781,69
7,3.781,69
15,3.781,66
16,3.78,61
53,3.78,57
4,3.78,43
69,3.78,56
41,3.78,51
12,3.78,23
6,3.779,48
11,3.778,58
32,3.778,60
22,3.777,68
8,3.777,54
25,3.776,79
15,3.776,61
41,3.775,58
45,3.774,52
38,3.774,52
21,3.774,53
48,3.773,53
21,3.773,55
7,3.773,59
5,3.772,72
28,3.772,58
26,3.771,56
10,3.769,53
15,3.769,56
7,3.768,
35,3.768,56
10,3.768,61
10,3.767,57
12,3.767,
8,3.766,64
13,3.766,53
6,3.765,51
9,3.765,70
49,3.765,70
13,3.765,61
4,3.764,38
5,3.764,
31,3.763,66
10,3.762,46
5,3.761,63
15,3.761,72
7,3.761,51
23,3.76,63
13,3.757,67
10,3.756,26
18,3.755,59
9,3.755,63
7,3.754,67
7,3.754,62
15,3.753,52
17,3.753,
9,3.752,
38,3.751,63
7,3.751,70
6,3.751,
28,3.75,64
13,3.75,57
5,3.749,67
5,3.749,57
7,3.749,64
8,3.749,50
15,3.748,60
7,3.748,68
5,3.747,54
8,3.746,67
5,3.746,57
29,3.745,39
5,3.745,
23,3.745,55
72,3.745,70
52,3.743,65
6,3.743,65
7,3.742,46
7,3.742,53
9,3.741,58
15,3.741,18
12,3.741,50
34,3.74,61
33,3.738,57
16,3.737,66
13,3.737,53
10,3.737,
6,3.737,56
8,3.736,
16,3.736,76
43,3.734,64
19,3.734,50
8,3.732,68
8,3.732,63
11,3.731,56
25,3.731,57
8,3.731,60
8,3.731,50
29,3.731,54
5,3.731,51
5,3.731,60
39,3.73,56
53,3.729,60
6,3.728,82
18,3.727,58
13,3.727,54
9,3.726,62
26,3.724,66
14,3.723,51
8,3.723,66
8,3.722,52
8,3.722,55
18,3.721,72
16,3.72,79
16,3.72,64
6,3.719,65
115,3.718,61
19,3.718,45
42,3.717,73
3,3.716,64
11,3.714,
12,3.714,70
5,3.713,
5,3.713,
14,3.713,51
22,3.712,60
33,3.711,55
59,3.71,59
39,3.71,52
3,3.708,55
26,3.708,67
4,3.708,53
30,3.708,66
9,3.707,79
16,3.706,61
11,3.705,49
35,3.705,39
7,3.704,
13,3.704,53
16,3.704,60
4,3.704,
25,3.704,64
37,3.703,37
11,3.703,69
17,3.703,48
9,3.702,56
6,3.701,59
6,3.7,
6,3.7,
9,3.699,62
19,3.698,65
12,3.698,58
13,3.698,80
5,3.698,
5,3.698,
4,3.698,65
14,3.697,60
10,3.697,65
13,3.696,63
5,3.695,50
9,3.695,27
49,3.694,57
4,3.693,
4,3.693,
8,3.693,
15,3.693,42
6,3.693,53
4,3.691,54
5,3.691,53
11,3.691,75
14,3.689,72
19,3.689,42
17,3.689,60
5,3.688,46
61,3.688,59
4,3.686,
11,3.686,58
5,3.685,
7,3.685,73
14,3.684,74
13,3.684,68
4,3.684,
4,3.683,57
4,3.683,54
9,3.683,70
3,3.682,59
3,3.682,56
9,3.68,
9,3.68,
11,3.68,43
12,3.68,56
18,3.68,
14,3.679,69
17,3.679,44
9,3.678,31
7,3.677,74
15,3.677,55
42,3.677,61
4,3.676,63
4,3.676,67
15,3.676,67
15,3.676,68
34,3.675,58
15,3.674,57
21,3.673,67
5,3.673,
5,3.673,
10,3.672,63
4,3.672,62
3,3.672,64
14,3.669,38
7,3.668,59
15,3.666,41
11,3.666,
11,3.666,26
12,3.665,58
9,3.665,70
9,3.665,44
11,3.664,57
9,3.664,51
6,3.663,57
6,3.663,57
5,3.663,
9,3.662,59
7,3.661,56
5,3.661,
7,3.661,59
5,3.661,71
6,3.66,69
7,3.658,63
25,3.658,71
6,3.656,60
5,3.656,59
5,3.656,55
12,3.656,65
10,3.655,55
4,3.654,
6,3.653,59
15,3.653,70
39,3.653,58
8,3.652,64
4,3.652,65
4,3.652,48
93,3.652,59
15,3.651,62
72,3.651,69
5,3.651,30
17,3.65,49
8,3.65,61
19,3.649,60
16,3.649,11
16,3.648,52
13,3.648,57
17,3.648,57
4,3.646,20
4,3.646,63
10,3.646,31
19,3.645,63
10,3.645,70
25,3.645,58
11,3.645,68
22,3.644,
10,3.644,46
14,3.643,62
14,3.642,56
17,3.642,56
32,3.642,62
4,3.642,24
11,3.641,51
5,3.641,67
6,3.641,
11,3.641,80
16,3.64,44
32,3.64,56
4,3.639,
27,3.639,65
27,3.639,62
19,3.639,13
17,3.639,58
5,3.639,70
4,3.639,72
4,3.639,65
27,3.638,58
8,3.638,53
6,3.637,59
6,3.637,63
4,3.637,63
4,3.637,61
15,3.636,72
4,3.636,64
12,3.636,55
4,3.635,64
4,3.634,
6,3.633,63
6,3.633,62
36,3.633,59
4,3.632,61
4,3.632,60
4,3.632,
35,3.632,60
13,3.631,62
45,3.63,66
39,3.63,54
19,3.629,61
6,3.629,69
4,3.628,71
4,3.628,77
4,3.628,56
5,3.628,56
7,3.628,57
17,3.628,62
14,3.627,55
13,3.627,64
43,3.627,61
4,3.625,66
29,3.625,46
5,3.625,63
4,3.624,78
4,3.624,54
11,3.624,30
7,3.622,61
3,3.622,66
8,3.621,68
8,3.62,72
29,3.62,59
37,3.62,49
21,3.62,63
6,3.619,
5,3.619,64
23,3.619,61
4,3.618,
4,3.618,52
10,3.618,59
43,3.617,58
53,3.617,55
21,3.617,60
33,3.616,54
33,3.616,
7,3.615,38
9,3.615,
49,3.615,58
29,3.614,66
5,3.614,28
3,3.614,37
6,3.614,32
4,3.613,57
4,3.613,63
4,3.613,55
36,3.611,61
6,3.61,60
9,3.61,52
10,3.61,39
5,3.608,54
12,3.608,54
5,3.608,
21,3.608,63
20,3.608,68
4,3.608,62
4,3.607,54
5,3.607,63
9,3.606,55
4,3.606,47
9,3.605,
4,3.605,43
4,3.605,59
39,3.604,25
9,3.603,71
26,3.603,64
6,3.603,
3,3.603,
6,3.602,52
11,3.602,66
4,3.602,63
4,3.602,59
11,3.602,11
11,3.602,16
6,3.602,54
6,3.602,53
6,3.601,
12,3.601,55
10,3.601,70
5,3.6,
4,3.6,
3,3.6,62
3,3.6,67
6,3.6,47
6,3.6,62
14,3.599,65
4,3.599,43
3,3.599,59
8,3.599,82
3,3.598,33
3,3.598,
4,3.597,60
3,3.597,35
3,3.597,67
32,3.597,54
5,3.596,67
20,3.596,44
14,3.596,27
8,3.596,43
22,3.596,72
6,3.595,57
6,3.595,72
6,3.595,69
3,3.594,65
4,3.594,64
13,3.593,
3,3.593,49
3,3.593,58
13,3.593,58
7,3.592,56
7,3.592,
6,3.591,55
6,3.591,
3,3.591,56
4,3.591,54
3,3.59,69
3,3.59,66
9,3.59,31
5,3.59,52
30,3.589,66
3,3.588,54
6,3.588,27
2,3.588,
2,3.588,
8,3.588,58
3,3.587,55
6,3.586,
6,3.586,
3,3.586,63
3,3.586,56
3,3.586,54
7,3.586,62
7,3.586,49
8,3.585,56
8,3.585,
5,3.584,30
8,3.584,49
6,3.584,60
8,3.584,64
10,3.584,52
3,3.583,62
10,3.582,64
11,3.582,53
6,3.582,44
6,3.582,34
31,3.582,62
5,3.582,71
5,3.582,74
7,3.581,61
7,3.581,54
4,3.581,
5,3.581,61
30,3.581,69
30,3.581,69
22,3.581,61
5,3.58,
5,3.58,
11,3.58,60
10,3.58,65
42,3.58,47
27,3.579,73
9,3.579,
15,3.579,72
15,3.579,67
50,3.579,65
20,3.579,63
21,3.578,67
9,3.578,57
24,3.578,53
5,3.577,65
4,3.577,
9,3.577,67
4,3.576,56
22,3.576,61
8,3.575,67
6,3.575,
6,3.575,55
3,3.574,63
14,3.574,70
6,3.574,
3,3.573,
18,3.573,70
4,3.573,56
4,3.573,59
9,3.573,52
6,3.573,
6,3.572,51
6,3.572,61
7,3.571,65
10,3.571,62
10,3.571,43
6,3.57,64
4,3.569,55
39,3.568,60
6,3.567,63
34,3.567,63
24,3.567,62
7,3.567,57
12,3.567,67
4,3.566,38
29,3.565,66
5,3.565,50
5,3.565,
4,3.565,
6,3.563,44
5,3.563,62
5,3.563,61
5,3.563,60
5,3.563,
19,3.562,61
16,3.561,47
4,3.561,
13,3.56,
26,3.56,60
35,3.56,60
18,3.559,52
2,3.559,56
2,3.559,25
34,3.558,68
5,3.558,
4,3.558,68
12,3.557,54
22,3.557,68
32,3.557,62
4,3.557,70
5,3.557,59
5,3.557,59
24,3.557,59
44,3.557,64
20,3.556,62
4,3.555,51
3,3.555,
33,3.555,65
5,3.554,61
3,3.554,
10,3.554,54
15,3.554,66
73,3.553,67
7,3.553,73
4,3.552,41
3,3.552,
3,3.552,
11,3.552,63
6,3.551,59
6,3.551,61
20,3.55,65
6,3.55,
13,3.55,40
3,3.55,60
9,3.55,67
3,3.55,56
31,3.549,64
12,3.549,64
3,3.549,33
8,3.548,62
3,3.548,
8,3.548,62
8,3.548,63
15,3.547,67
6,3.547,69
3,3.547,
3,3.547,
14,3.547,
6,3.547,68
15,3.546,66
5,3.546,64
3,3.546,
5,3.546,65
5,3.546,51
60,3.546,52
25,3.546,70
4,3.545,
10,3.545,54
4,3.545,72
4,3.545,
6,3.545,63
4,3.544,53
4,3.544,61
6,3.544,63
15,3.543,60
19,3.543,75
19,3.543,64
9,3.542,64
9,3.542,62
4,3.541,60
4,3.541,64
10,3.541,54
7,3.541,56
5,3.541,51
4,3.541,
4,3.541,
21,3.539,
5,3.537,60
3,3.537,
5,3.537,65
7,3.536,65
4,3.536,62
4,3.536,
4,3.536,58
4,3.536,
10,3.535,49
3,3.535,61
3,3.535,67
5,3.535,
5,3.534,51
5,3.534,52
6,3.534,61
18,3.533,60
4,3.533,68
4,3.533,65
11,3.533,62
10,3.532,71
7,3.532,54
4,3.532,50
16,3.531,67
6,3.531,58
7,3.531,
7,3.531,
4,3.53,
4,3.53,
10,3.53,
24,3.53,72
6,3.53,75
6,3.53,75
14,3.529,23
16,3.529,46
7,3.528,57
15,3.528,71
11,3.528,55
11,3.528,57
3,3.527,
3,3.527,
4,3.527,69
4,3.527,
15,3.527,56
3,3.527,
7,3.527,
7,3.527,
3,3.527,54
6,3.526,67
4,3.525,
11,3.525,
4,3.525,65
23,3.525,56
3,3.525,
28,3.525,62
10,3.524,60
5,3.524,
5,3.524,
11,3.523,58
4,3.523,64
7,3.523,
7,3.522,65
2,3.522,62
3,3.522,
3,3.522,
3,3.522,
3,3.522,
4,3.522,59
3,3.521,52
5,3.521,49
5,3.521,59
5,3.521,47
3,3.52,54
12,3.52,80
8,3.52,58
7,3.52,61
9,3.519,61
9,3.519,65
5,3.519,65
5,3.519,51
8,3.517,61
3,3.517,62
3,3.517,64
35,3.517,23
8,3.517,76
11,3.517,63
14,3.517,28
3,3.517,57
3,3.517,65
5,3.516,64
5,3.516,64
4,3.516,59
8,3.515,60
5,3.515,32
5,3.515,51
34,3.514,56
3,3.514,
24,3.514,57
12,3.514,63
12,3.514,63
4,3.513,69
19,3.513,56
3,3.513,57
4,3.512,55
3,3.512,62
11,3.512,56
3,3.512,56
5,3.511,
5,3.511,51
5,3.51,68
5,3.51,62
13,3.51,66
10,3.51,73
8,3.509,67
7,3.509,67
8,3.509,
9,3.509,57
10,3.509,66
4,3.508,67
4,3.508,51
17,3.507,74
4,3.507,63
11,3.507,59
3,3.507,38
17,3.507,70
6,3.506,65
3,3.506,61
3,3.506,
9,3.506,62
6,3.506,65
5,3.505,
10,3.505,52
6,3.505,
6,3.505,
5,3.503,
17,3.503,65
4,3.503,
4,3.503,
11,3.503,70
3,3.503,65
5,3.503,72
8,3.502,55
4,3.502,
55,3.502,67
3,3.502,
7,3.502,30
7,3.502,41
10,3.502,69
37,3.502,56
5,3.502,
5,3.502,
6,3.501,56
4,3.501,
4,3.501,
4,3.501,
6,3.501,57
6,3.501,59
10,3.501,
10,3.501,
5,3.5,35
5,3.5,64
3,3.5,
3,3.5,70
3,3.5,11
2,3.5,
2,3.5,
4,3.5,54
2,3.5,45
2,3.5,59
3,3.5,48
2,3.5,48
2,3.5,
2,3.5,
2,3.5,
2,3.5,
2,3.5,79
2,3.5,68
2,3.5,56
2,3.5,
2,3.5,
2,3.5,59
10,3.5,50
7,3.5,52
3,3.5,
2,3.5,
2,3.5,
3,3.5,
2,3.5,63
9,3.5,68
2,3.5,51
2,3.5,58
3,3.5,67
3,3.5,30
2,3.5,57
4,3.5,29
2,3.499,44
9,3.499,52
2,3.499,
3,3.499,50
2,3.499,65
4,3.499,51
2,3.499,48
2,3.499,55
3,3.499,
2,3.499,
2,3.499,72
2,3.499,66
5,3.499,
2,3.499,46
6,3.499,68
5,3.499,54
5,3.499,60
2,3.499,65
2,3.499,
5,3.499,68
3,3.498,
2,3.498,
4,3.498,
2,3.498,
2,3.498,56
23,3.498,62
16,3.498,56
16,3.498,54
8,3.498,49
1,3.498,40
8,3.498,
33,3.498,63
3,3.497,
3,3.497,
2,3.497,61
2,3.497,
2,3.497,
3,3.497,74
2,3.497,66
5,3.497,59
11,3.497,63
3,3.496,68
2,3.496,75
6,3.496,34
2,3.496,
21,3.496,59
2,3.496,65
5,3.496,57
2,3.496,59
4,3.496,
2,3.495,70
4,3.495,46
6,3.495,56
3,3.495,
8,3.495,63
4,3.495,47
12,3.495,67
22,3.494,64
6,3.494,74
6,3.494,72
2,3.494,47
2,3.494,55
2,3.494,57
6,3.494,67
5,3.494,54
5,3.494,50
2,3.494,57
10,3.493,74
12,3.493,64
12,3.493,58
4,3.493,69
4,3.493,71
6,3.493,59
6,3.493,51
7,3.493,
2,3.492,51
16,3.492,62
31,3.492,21
5,3.492,73
2,3.492,
45,3.492,61
3,3.491,
3,3.491,67
3,3.491,53
3,3.491,55
36,3.491,56
5,3.49,57
3,3.49,62
8,3.49,58
2,3.489,
2,3.489,
2,3.489,
2,3.489,
4,3.489,39
5,3.489,66
5,3.489,58
22,3.488,65
22,3.488,63
10,3.488,29
4,3.487,59
4,3.487,65
4,3.487,
2,3.487,59
15,3.487,64
15,3.487,64
3,3.487,56
50,3.487,65
15,3.487,54
4,3.486,
4,3.486,
4,3.486,73
7,3.485,56
12,3.485,66
6,3.485,63
6,3.484,
9,3.483,63
10,3.483,22
4,3.482,72
4,3.482,69
3,3.482,
3,3.482,
4,3.482,57
3,3.482,
23,3.482,66
4,3.482,64
14,3.482,71
2,3.481,70
27,3.481,64
2,3.481,76
3,3.481,50
2,3.48,28
6,3.48,66
3,3.48,71
13,3.479,68
2,3.479,21
12,3.478,66
12,3.478,69
5,3.478,67
5,3.478,58
6,3.478,51
6,3.478,59
4,3.478,
4,3.478,
4,3.478,41
3,3.477,59
3,3.477,68
3,3.477,64
16,3.477,66
7,3.477,
14,3.476,41
7,3.476,63
39,3.476,57
3,3.476,67
3,3.476,55
4,3.475,
4,3.475,
5,3.475,
5,3.475,
4,3.475,55
4,3.475,62
3,3.474,64
4,3.474,58
12,3.473,74
3,3.473,26
3,3.473,
3,3.473,
4,3.473,47
4,3.473,53
13,3.473,71
3,3.473,
4,3.472,73
2,3.472,
2,3.472,
22,3.472,67
6,3.472,61
8,3.472,66
2,3.471,57
6,3.471,74
4,3.471,56
4,3.471,56
4,3.47,69
66,3.47,61
3,3.47,56
7,3.47,64
23,3.47,68
4,3.469,63
4,3.469,65
43,3.469,56
6,3.469,
4,3.469,65
9,3.469,47
6,3.469,45
6,3.469,
2,3.469,70
4,3.468,62
5,3.468,66
5,3.468,67
14,3.467,65
12,3.467,55
2,3.467,
91,3.467,73
7,3.466,67
5,3.466,
5,3.466,
4,3.465,67
4,3.465,62
3,3.465,55
8,3.465,
11,3.464,62
6,3.464,61
5,3.463,60
10,3.463,
2,3.463,55
32,3.462,73
32,3.462,60
3,3.462,
4,3.461,66
37,3.46,57
10,3.46,63
2,3.46,59
32,3.46,70
11,3.46,72
11,3.46,69
10,3.46,60
5,3.46,
8,3.459,55
5,3.459,55
5,3.459,59
3,3.459,
3,3.459,
4,3.459,56
4,3.459,63
4,3.458,63
4,3.458,56
2,3.458,52
4,3.457,
4,3.457,
42,3.457,67
3,3.457,
2,3.457,
8,3.456,71
5,3.456,68
5,3.456,71
9,3.456,54
9,3.456,54
7,3.456,58
19,3.456,64
13,3.455,63
13,3.455,49
7,3.455,72
7,3.455,69
14,3.455,56
7,3.454,73
4,3.454,65
4,3.454,68
3,3.454,54
3,3.454,
4,3.453,
4,3.453,
3,3.453,
3,3.453,
8,3.452,55
19,3.452,71
5,3.452,62
3,3.452,
3,3.452,
3,3.451,66
5,3.451,66
6,3.451,47
12,3.45,64
2,3.45,
2,3.45,
1,3.45,62
1,3.45,53
2,3.45,58
2,3.45,58
2,3.45,
2,3.45,
4,3.449,
3,3.449,
3,3.449,
2,3.449,33
2,3.449,
31,3.449,60
2,3.449,
2,3.449,
36,3.448,55
3,3.448,
2,3.448,
2,3.448,
35,3.448,68
40,3.448,79
4,3.448,57
2,3.447,
2,3.447,
3,3.447,58
3,3.447,50
4,3.447,52
19,3.446,66
10,3.446,64
2,3.446,64
2,3.446,68
19,3.446,73
7,3.445,56
3,3.445,
5,3.445,54
5,3.445,47
4,3.444,
2,3.444,59
7,3.444,64
2,3.444,59
2,3.444,60
5,3.444,71
37,3.444,58
7,3.443,65
2,3.443,70
2,3.443,63
33,3.443,50
3,3.442,66
2,3.442,58
2,3.442,66
4,3.442,57
5,3.442,60
5,3.442,65
4,3.441,
4,3.441,
15,3.441,59
6,3.441,
6,3.441,70
2,3.441,61
2,3.44,69
2,3.44,68
14,3.44,65
5,3.44,55
2,3.44,
2,3.44,
21,3.44,61
17,3.439,62
4,3.439,
4,3.439,57
35,3.439,50
5,3.439,
12,3.439,64
12,3.439,64
2,3.439,
16,3.438,60
2,3.438,
2,3.438,
3,3.438,64
3,3.438,
4,3.437,43
4,3.437,39
3,3.437,58
4,3.437,71
3,3.437,
3,3.437,
2,3.437,63
9,3.436,58
9,3.436,54
15,3.436,75
6,3.436,58
4,3.436,32
4,3.436,
6,3.436,65
3,3.435,59
3,3.435,54
3,3.435,49
3,3.435,51
2,3.435,72
6,3.435,57
4,3.434,56
4,3.434,
4,3.434,
11,3.434,67
4,3.434,61
4,3.434,59
26,3.432,67
14,3.432,54
2,3.432,
2,3.432,
3,3.432,29
4,3.432,55
4,3.432,53
2,3.432,58
5,3.431,
11,3.431,56
5,3.431,64
6,3.431,37
11,3.431,57
10,3.431,67
8,3.431,33
8,3.431,35
6,3.431,72
6,3.431,80
21,3.431,64
2,3.431,58
4,3.431,64
15,3.431,62
6,3.43,46
9,3.43,61
2,3.43,
11,3.43,65
3,3.43,
3,3.43,
6,3.43,62
2,3.429,
2,3.429,
2,3.429,57
3,3.429,75
10,3.429,55
11,3.429,18
5,3.429,65
2,3.429,
3,3.429,59
3,3.428,49
3,3.428,53
34,3.428,62
3,3.428,24
6,3.428,60
3,3.428,42
3,3.428,15
4,3.428,56
2,3.428,
2,3.428,
5,3.427,56
2,3.427,45
3,3.427,68
3,3.427,63
13,3.427,63
2,3.427,61
2,3.426,62
6,3.426,
8,3.425,
12,3.425,56
2,3.425,67
2,3.425,
1,3.425,71
5,3.423,60
5,3.423,
2,3.423,
2,3.423,
5,3.422,58
3,3.422,61
3,3.422,56
2,3.422,
2,3.422,
2,3.422,
2,3.422,
2,3.422,
2,3.422,67
5,3.422,55
32,3.422,56
9,3.422,66
26,3.422,59
2,3.422,61
8,3.421,47
3,3.421,62
3,3.42,63
2,3.42,
2,3.42,
7,3.419,61
4,3.419,65
5,3.419,41
4,3.419,
4,3.419,55
9,3.418,56
8,3.418,68
5,3.417,75
2,3.417,73
2,3.417,65
3,3.417,
3,3.417,61
5,3.416,
5,3.416,
12,3.416,57
2,3.416,55
4,3.416,55
4,3.416,56
5,3.416,72
2,3.416,64
2,3.416,52
5,3.415,67
5,3.415,59
2,3.415,
2,3.415,
21,3.415,53
3,3.415,58
3,3.415,64
3,3.415,
9,3.415,57
3,3.415,
37,3.414,52
37,3.414,56
6,3.414,63
4,3.414,65
63,3.414,58
2,3.413,51
2,3.413,51
2,3.413,51
3,3.413,68
10,3.413,64
4,3.413,68
7,3.412,61
7,3.412,
2,3.412,68
2,3.412,70
3,3.412,57
3,3.412,71
17,3.412,59
2,3.411,
2,3.411,31
4,3.411,69
2,3.411,
2,3.411,
2,3.411,58
2,3.411,66
21,3.411,54
5,3.41,51
7,3.41,46
38,3.41,60
3,3.41,
3,3.41,
2,3.409,
2,3.409,
7,3.409,56
7,3.409,65
4,3.409,
4,3.409,
2,3.408,
2,3.408,
4,3.408,68
4,3.408,
4,3.408,
4,3.408,61
6,3.407,56
55,3.407,56
4,3.407,
6,3.407,47
6,3.407,
6,3.407,
3,3.407,
3,3.407,
3,3.405,62
3,3.405,64
2,3.405,73
4,3.405,56
4,3.405,56
6,3.405,
3,3.404,
3,3.404,
2,3.403,69
2,3.403,67
2,3.403,
2,3.403,72
2,3.403,71
2,3.403,70
4,3.403,53
4,3.403,52
21,3.403,58
2,3.402,
7,3.402,67
2,3.402,76
2,3.402,
5,3.401,
4,3.401,57
2,3.401,27
9,3.401,55
9,3.401,63
3,3.401,
3,3.401,
2,3.401,70
2,3.401,65
3,3.401,75
3,3.401,
3,3.401,
2,3.401,60
2,3.401,58
4,3.4,
2,3.4,66
2,3.4,71
2,3.4,78
2,3.4,75
2,3.4,67
3,3.4,
3,3.4,
2,3.4,
2,3.4,
6,3.4,
6,3.4,
2,3.4,23
2,3.4,71
2,3.4,58
2,3.4,
2,3.4,69
45,3.4,67
3,3.4,47
7,3.4,56
23,3.399,61
35,3.399,70
12,3.399,67
2,3.399,
2,3.399,
7,3.398,70
2,3.398,
4,3.398,66
4,3.398,
3,3.398,
10,3.397,57
6,3.397,
6,3.397,
2,3.397,
2,3.397,68
6,3.397,
13,3.396,52
3,3.396,39
3,3.396,
6,3.396,68
13,3.396,66
2,3.395,68
23,3.395,70
4,3.395,63
4,3.395,59
4,3.395,64
2,3.395,78
2,3.395,74
3,3.395,55
8,3.394,58
6,3.394,67
4,3.393,56
3,3.393,
3,3.393,
2,3.393,
3,3.393,48
4,3.392,74
2,3.392,48
2,3.392,47
35,3.392,65
6,3.392,47
6,3.392,60
5,3.391,60
15,3.391,61
5,3.391,
10,3.391,43
7,3.39,
3,3.39,57
5,3.39,56
11,3.39,64
10,3.389,69
2,3.388,62
7,3.388,75
107,3.388,73
4,3.388,62
13,3.388,68
3,3.387,66
2,3.387,51
4,3.387,58
3,3.387,33
3,3.387,
37,3.387,65
21,3.385,60
10,3.385,72
24,3.385,64
9,3.384,61
2,3.384,
10,3.384,67
9,3.384,74
4,3.383,56
2,3.383,64
8,3.383,69
7,3.383,74
4,3.383,54
24,3.382,74
3,3.382,56
3,3.382,59
3,3.382,61
4,3.382,60
4,3.382,51
14,3.382,53
20,3.381,78
16,3.381,66
2,3.381,57
11,3.381,71
21,3.38,68
7,3.38,53
5,3.38,
4,3.38,
4,3.38,
12,3.379,51
4,3.379,41
4,3.379,46
4,3.379,
2,3.379,66
2,3.379,49
8,3.379,60
14,3.378,52
10,3.378,
2,3.378,
2,3.378,
24,3.378,50
2,3.378,57
2,3.378,63
13,3.378,72
9,3.377,64
6,3.377,
6,3.377,
13,3.377,48
3,3.376,62
3,3.376,63
5,3.375,69
5,3.375,64
5,3.375,67
2,3.375,66
13,3.375,60
13,3.375,61
12,3.375,59
7,3.374,56
3,3.374,
3,3.374,
18,3.374,60
2,3.374,78
2,3.374,67
16,3.373,54
16,3.373,
2,3.373,50
2,3.373,
3,3.373,68
3,3.372,60
3,3.372,64
6,3.371,61
6,3.371,68
7,3.371,
7,3.371,
8,3.371,58
8,3.371,49
21,3.369,62
5,3.368,62
14,3.368,76
16,3.368,
6,3.367,69
3,3.366,63
11,3.366,54
6,3.366,67
6,3.366,72
16,3.366,59
9,3.365,62
6,3.365,61
10,3.365,66
4,3.365,57
14,3.365,74
2,3.364,50
2,3.364,62
5,3.364,63
5,3.364,60
7,3.363,
5,3.363,49
4,3.362,62
20,3.362,63
3,3.362,69
2,3.361,73
23,3.361,53
5,3.361,
5,3.361,73
3,3.36,
3,3.36,63
8,3.36,71
8,3.36,
8,3.36,
4,3.36,53
8,3.36,
31,3.359,71
20,3.359,68
52,3.359,52
8,3.359,54
8,3.359,53
11,3.359,67
8,3.358,71
6,3.358,
11,3.357,67
8,3.357,
5,3.357,64
16,3.357,69
13,3.357,56
26,3.357,51
10,3.357,
10,3.357,
2,3.356,63
2,3.356,60
2,3.356,75
5,3.356,66
10,3.356,68
4,3.356,61
3,3.355,31
3,3.355,60
26,3.355,63
5,3.355,68
5,3.355,72
27,3.354,56
2,3.354,66
29,3.354,58
13,3.353,59
30,3.353,58
5,3.353,64
16,3.352,51
4,3.352,75
4,3.352,62
2,3.352,69
10,3.352,56
4,3.352,63
6,3.351,70
2,3.351,
12,3.35,61
4,3.349,52
32,3.349,59
3,3.349,
3,3.349,73
8,3.349,24
18,3.349,40
4,3.349,72
4,3.349,72
9,3.349,55
9,3.349,53
4,3.348,
4,3.348,58
10,3.348,57
7,3.347,67
23,3.346,55
32,3.346,69
4,3.346,28
4,3.346,24
6,3.345,50
11,3.345,56
14,3.345,64
34,3.345,64
4,3.344,
11,3.344,48
5,3.344,57
3,3.343,58
10,3.341,54
8,3.341,
3,3.341,57
25,3.341,46
5,3.34,
7,3.34,53
3,3.34,58
3,3.34,
3,3.339,62
3,3.339,68
4,3.339,
4,3.339,67
22,3.339,51
13,3.339,66
6,3.338,
6,3.338,
6,3.338,24
8,3.338,33
2,3.338,
8,3.338,61
27,3.337,66
11,3.337,62
18,3.337,55
24,3.337,56
13,3.336,65
4,3.336,62
7,3.336,58
19,3.336,71
43,3.336,56
8,3.336,64
10,3.336,64
2,3.335,63
2,3.335,61
2,3.335,65
6,3.335,
17,3.334,58
6,3.334,62
5,3.334,58
2,3.334,60
2,3.333,56
5,3.333,56
7,3.333,60
7,3.333,62
22,3.333,51
11,3.333,62
7,3.332,
7,3.332,
22,3.331,65
18,3.331,75
7,3.33,
2,3.329,52
12,3.328,24
13,3.328,61
15,3.327,65
15,3.327,60
30,3.327,59
2,3.327,
14,3.327,13
11,3.326,62
2,3.326,68
2,3.326,65
10,3.325,58
11,3.325,69
3,3.324,
25,3.324,56
9,3.324,58
3,3.324,55
2,3.323,60
2,3.323,68
13,3.323,58
5,3.323,64
8,3.322,
8,3.322,
17,3.322,
15,3.321,64
3,3.32,57
3,3.32,
2,3.319,60
33,3.319,62
15,3.318,56
2,3.318,71
4,3.318,25
4,3.318,49
3,3.318,70
2,3.317,66
2,3.317,68
4,3.317,29
6,3.317,50
6,3.317,52
4,3.317,60
4,3.317,57
2,3.317,
2,3.316,65
3,3.316,56
10,3.315,51
4,3.315,64
11,3.315,49
4,3.314,57
4,3.313,36
24,3.313,
11,3.312,62
6,3.312,49
5,3.312,70
7,3.311,
7,3.311,
10,3.31,71
13,3.309,61
26,3.309,60
26,3.309,62
14,3.309,67
5,3.309,
3,3.308,59
4,3.307,53
2,3.307,57
2,3.307,56
11,3.307,66
24,3.306,57
15,3.306,65
5,3.306,65
5,3.306,68
12,3.305,68
2,3.305,
3,3.305,65
6,3.305,33
13,3.305,59
5,3.305,62
4,3.305,68
5,3.304,53
5,3.304,50
6,3.304,64
2,3.303,78
8,3.303,68
2,3.303,
3,3.303,
5,3.303,68
4,3.302,
4,3.302,77
4,3.302,58
2,3.302,60
2,3.302,61
15,3.302,65
2,3.302,
2,3.302,
2,3.301,62
2,3.301,66
6,3.301,59
6,3.301,54
9,3.301,65
3,3.301,74
3,3.301,73
24,3.301,52
14,3.3,60
23,3.3,58
12,3.3,58
2,3.3,
2,3.3,67
2,3.3,
4,3.3,
5,3.3,65
8,3.3,66
8,3.3,66
4,3.3,49
15,3.299,57
4,3.299,
4,3.299,
8,3.299,
8,3.299,
5,3.298,
5,3.298,62
16,3.298,56
8,3.298,54
16,3.298,61
57,3.298,59
4,3.297,
5,3.297,52
5,3.297,63
13,3.297,50
13,3.297,
4,3.296,63
7,3.296,56
13,3.295,60
13,3.295,53
5,3.295,65
6,3.294,56
13,3.293,56
13,3.293,59
7,3.293,29
37,3.292,77
9,3.291,62
9,3.291,50
19,3.291,61
5,3.29,29
5,3.29,
6,3.289,65
15,3.289,33
6,3.286,71
20,3.284,65
4,3.284,76
16,3.284,61
4,3.283,74
13,3.282,61
7,3.281,64
21,3.28,54
7,3.28,65
22,3.279,63
13,3.278,58
26,3.278,75
10,3.278,59
10,3.278,61
7,3.277,64
7,3.277,54
24,3.277,
4,3.277,79
5,3.277,69
11,3.277,36
6,3.277,58
17,3.276,76
4,3.276,
26,3.276,57
19,3.276,57
11,3.276,68
10,3.274,59
8,3.273,
21,3.273,52
13,3.273,63
7,3.273,51
7,3.273,57
7,3.273,69
5,3.272,42
5,3.272,74
8,3.272,64
11,3.271,61
7,3.271,62
6,3.271,
16,3.27,60
22,3.27,64
9,3.269,
9,3.269,
11,3.269,61
5,3.268,45
35,3.268,56
22,3.266,58
12,3.266,72
24,3.266,68
4,3.263,
5,3.263,52
4,3.263,65
9,3.263,48
12,3.262,63
6,3.262,
19,3.262,63
8,3.26,46
5,3.26,41
31,3.259,56
13,3.259,60
29,3.257,64
33,3.257,68
19,3.257,53
15,3.257,55
17,3.256,54
9,3.255,55
4,3.255,
4,3.255,
12,3.253,59
3,3.252,
3,3.252,
12,3.252,63
4,3.251,64
12,3.251,75
9,3.25,66
12,3.248,59
16,3.248,49
29,3.248,62
8,3.248,57
20,3.247,60
14,3.247,72
12,3.247,61
13,3.246,66
20,3.244,52
6,3.244,54
6,3.243,68
11,3.242,71
4,3.241,61
8,3.24,55
6,3.24,65
11,3.24,57
16,3.239,40
16,3.239,41
10,3.237,53
16,3.235,57
5,3.235,49
7,3.234,29
4,3.233,55
4,3.233,66
5,3.232,57
7,3.232,63
40,3.231,65
4,3.231,59
8,3.23,60
13,3.229,50
4,3.227,59
5,3.227,58
8,3.227,54
11,3.226,57
6,3.226,63
5,3.226,67
8,3.226,60
15,3.225,
8,3.225,64
6,3.223,48
10,3.223,62
4,3.223,
43,3.222,65
4,3.222,61
7,3.221,59
18,3.221,60
18,3.22,17
11,3.22,59
9,3.218,
8,3.217,58
15,3.216,60
12,3.216,66
7,3.215,62
7,3.215,
7,3.215,
6,3.214,
14,3.214,57
23,3.214,61
6,3.213,36
17,3.213,63
22,3.213,56
30,3.213,58
16,3.212,64
10,3.212,54
7,3.211,62
29,3.211,63
9,3.209,68
16,3.209,67
7,3.208,65
13,3.208,58
17,3.207,56
6,3.207,11
13,3.205,62
18,3.204,66
4,3.203,66
4,3.203,71
25,3.203,56
5,3.203,65
8,3.202,57
4,3.202,59
4,3.202,58
6,3.202,53
6,3.202,68
8,3.202,60
7,3.201,63
5,3.201,19
5,3.201,20
3,3.201,
6,3.201,
6,3.201,
9,3.2,67
25,3.2,80
4,3.2,20
5,3.2,60
5,3.2,60
4,3.2,59
22,3.199,66
4,3.199,66
8,3.199,69
4,3.199,14
24,3.199,64
4,3.198,
4,3.198,
19,3.197,71
6,3.197,71
6,3.197,65
5,3.197,52
5,3.197,18
10,3.197,64
16,3.197,51
11,3.197,63
5,3.196,61
13,3.196,
13,3.196,74
4,3.195,61
4,3.195,66
4,3.193,71
6,3.193,62
6,3.192,69
6,3.192,61
11,3.191,69
26,3.19,69
7,3.19,
16,3.189,60
12,3.188,64
5,3.188,
15,3.187,62
7,3.187,58
22,3.185,79
5,3.185,53
7,3.184,58
4,3.184,66
9,3.183,59
10,3.183,66
3,3.182,65
10,3.182,52
8,3.181,56
46,3.18,52
15,3.18,69
15,3.18,64
11,3.18,58
4,3.18,62
7,3.179,57
39,3.179,64
5,3.179,64
5,3.179,53
20,3.178,60
6,3.178,63
6,3.178,72
19,3.178,54
12,3.178,62
5,3.177,58
13,3.177,68
8,3.176,
6,3.176,75
8,3.175,48
9,3.175,54
19,3.175,56
20,3.174,53
2,3.174,45
4,3.173,53
4,3.172,62
8,3.172,67
10,3.172,68
4,3.172,62
4,3.172,62
26,3.17,71
4,3.17,61
4,3.17,59
7,3.17,44
6,3.169,47
6,3.169,37
5,3.169,
5,3.169,
8,3.168,41
8,3.168,
8,3.168,
4,3.168,66
6,3.168,63
12,3.167,61
9,3.167,72
5,3.166,66
6,3.166,60
9,3.165,69
5,3.165,62
16,3.164,62
5,3.163,
4,3.163,61
4,3.163,63
9,3.163,
5,3.162,73
5,3.162,70
6,3.161,61
9,3.161,51
6,3.161,56
4,3.16,
4,3.16,
6,3.16,60
4,3.16,
4,3.16,
10,3.159,70
5,3.159,
69,3.158,73
19,3.157,64
3,3.156,62
3,3.156,62
4,3.156,56
7,3.155,37
7,3.155,43
11,3.155,71
4,3.154,
14,3.153,61
6,3.153,64
4,3.152,66
8,3.152,68
10,3.151,70
5,3.15,50
8,3.149,
5,3.148,
5,3.148,
4,3.148,70
13,3.148,74
8,3.147,58
8,3.147,65
3,3.146,55
3,3.146,57
4,3.146,61
4,3.146,73
10,3.145,
7,3.144,56
8,3.144,76
8,3.144,67
11,3.143,
17,3.14,65
9,3.14,
4,3.139,69
9,3.139,33
6,3.139,
6,3.139,
31,3.138,71
22,3.138,
22,3.138,
8,3.138,57
5,3.138,62
5,3.138,51
3,3.137,56
4,3.135,72
9,3.135,69
9,3.135,61
4,3.134,
3,3.134,61
3,3.134,57
6,3.134,65
18,3.132,65
4,3.13,69
4,3.13,66
18,3.13,62
12,3.129,43
21,3.129,49
15,3.128,70
15,3.128,51
3,3.128,
9,3.128,62
3,3.128,
3,3.128,
4,3.127,65
4,3.127,52
16,3.127,66
16,3.127,70
11,3.127,78
23,3.126,69
4,3.126,58
5,3.125,66
5,3.125,69
9,3.125,44
5,3.124,48
24,3.123,65
4,3.123,64
5,3.122,58
3,3.122,67
8,3.121,
5,3.12,
5,3.12,77
7,3.119,64
24,3.119,66
13,3.119,68
5,3.119,
5,3.119,
10,3.119,62
11,3.118,50
8,3.118,43
18,3.117,47
13,3.117,66
5,3.117,
6,3.116,23
6,3.116,56
8,3.116,56
14,3.115,
5,3.115,
11,3.115,57
3,3.114,20
5,3.114,69
5,3.114,57
5,3.114,66
10,3.114,55
4,3.113,58
4,3.113,52
21,3.113,59
13,3.113,62
10,3.111,65
14,3.111,12
16,3.111,13
4,3.111,69
12,3.111,45
15,3.111,
15,3.11,56
15,3.11,58
9,3.11,69
9,3.11,63
4,3.11,66
9,3.109,62
7,3.109,60
5,3.109,64
29,3.109,65
11,3.108,66
6,3.108,51
5,3.107,64
8,3.106,60
6,3.106,
5,3.105,60
30,3.105,67
6,3.105,70
8,3.105,53
5,3.105,
5,3.104,58
5,3.104,59
5,3.104,65
5,3.104,62
7,3.104,65
10,3.104,44
10,3.104,56
4,3.103,61
4,3.103,63
6,3.103,61
6,3.103,71
4,3.103,
6,3.102,64
6,3.102,61
4,3.102,61
4,3.102,
8,3.102,
5,3.102,69
4,3.102,74
4,3.102,74
5,3.102,72
6,3.102,46
6,3.102,
5,3.102,64
6,3.101,46
6,3.101,49
7,3.101,62
5,3.101,63
5,3.101,50
8,3.1,63
13,3.1,70
3,3.1,56
3,3.1,51
8,3.1,51
3,3.1,61
3,3.1,78
3,3.1,56
3,3.1,65
3,3.1,62
3,3.099,60
4,3.099,49
3,3.099,55
3,3.099,78
4,3.099,67
4,3.099,69
3,3.099,57
8,3.099,
3,3.098,51
12,3.098,65
3,3.098,71
6,3.098,59
6,3.098,57
3,3.098,65
3,3.098,62
5,3.098,68
8,3.098,59
12,3.097,56
4,3.097,65
9,3.097,57
3,3.097,60
9,3.097,50
5,3.097,59
5,3.097,55
3,3.097,57
12,3.096,58
20,3.096,52
13,3.096,
7,3.096,59
3,3.096,54
6,3.095,56
6,3.095,55
6,3.095,66
3,3.095,71
3,3.095,63
3,3.095,
8,3.094,68
5,3.094,56
3,3.094,45
3,3.094,67
10,3.094,54
10,3.094,51
6,3.094,62
16,3.093,62
9,3.093,35
3,3.093,66
3,3.093,65
11,3.093,61
11,3.093,62
5,3.093,81
3,3.091,55
7,3.091,58
13,3.091,64
7,3.09,58
4,3.09,53
8,3.089,53
21,3.089,55
6,3.089,
8,3.089,80
14,3.089,73
5,3.088,68
3,3.088,
3,3.088,
6,3.088,50
3,3.088,59
4,3.088,56
14,3.088,65
12,3.087,62
3,3.087,64
4,3.087,
4,3.087,67
4,3.087,57
4,3.087,55
5,3.086,69
7,3.085,69
14,3.085,60
6,3.084,57
6,3.084,59
5,3.084,52
5,3.084,62
4,3.084,65
4,3.083,60
4,3.082,64
8,3.082,65
3,3.082,51
4,3.082,63
4,3.082,66
5,3.081,38
5,3.081,40
6,3.081,54
6,3.081,55
5,3.081,64
4,3.08,45
4,3.08,61
4,3.08,72
4,3.08,64
4,3.079,44
11,3.079,59
13,3.079,35
5,3.079,60
5,3.079,58
5,3.079,
11,3.079,58
8,3.079,
8,3.079,
5,3.078,73
5,3.078,69
5,3.078,
5,3.078,
9,3.078,73
3,3.077,62
3,3.077,67
8,3.077,60
8,3.076,55
11,3.074,61
3,3.074,65
19,3.074,64
3,3.073,45
4,3.073,67
5,3.073,56
5,3.073,53
4,3.073,63
9,3.073,47
9,3.073,43
7,3.073,81
5,3.073,
5,3.073,
3,3.072,55
7,3.072,62
6,3.071,61
32,3.071,66
5,3.07,60
5,3.07,61
5,3.07,68
6,3.07,67
4,3.07,47
4,3.07,70
4,3.069,39
4,3.069,45
5,3.069,58
5,3.069,52
7,3.068,64
6,3.068,65
6,3.068,
15,3.068,62
6,3.067,62
31,3.066,72
4,3.065,59
4,3.065,60
26,3.065,67
10,3.065,
17,3.064,
4,3.064,60
4,3.064,58
2,3.063,56
2,3.063,56
13,3.062,62
21,3.062,71
9,3.062,
9,3.062,
7,3.062,47
47,3.061,68
25,3.061,63
15,3.061,68
4,3.061,59
4,3.06,42
17,3.06,63
21,3.06,
4,3.06,
4,3.06,
9,3.06,57
4,3.059,70
4,3.059,71
4,3.059,
12,3.058,54
5,3.056,71
5,3.056,66
4,3.056,69
4,3.056,64
4,3.056,67
4,3.056,66
5,3.055,
5,3.055,
12,3.055,63
17,3.054,50
7,3.054,68
7,3.054,56
4,3.053,61
8,3.053,51
6,3.053,62
10,3.053,62
10,3.052,69
10,3.052,65
8,3.052,
9,3.051,61
3,3.05,
3,3.05,
1,3.05,
1,3.05,
3,3.05,59
3,3.05,53
4,3.049,47
4,3.049,45
2,3.049,68
3,3.049,67
3,3.049,52
4,3.048,57
10,3.048,69
8,3.048,
8,3.048,
4,3.048,56
4,3.048,72
3,3.048,59
3,3.048,64
3,3.047,
3,3.047,
4,3.047,68
26,3.047,57
26,3.047,61
3,3.047,57
5,3.047,47
3,3.047,58
5,3.047,
3,3.046,
3,3.046,67
9,3.046,64
5,3.046,
9,3.045,24
3,3.045,
3,3.045,
9,3.045,61
13,3.045,20
19,3.045,70
5,3.044,61
5,3.043,27
5,3.043,49
4,3.043,53
7,3.043,68
4,3.042,
5,3.042,65
6,3.042,71
6,3.042,72
6,3.042,
17,3.042,72
4,3.042,69
4,3.042,69
11,3.041,64
5,3.041,58
14,3.04,67
4,3.04,51
10,3.039,
5,3.039,55
6,3.039,57
6,3.039,61
6,3.038,62
4,3.038,
4,3.038,
3,3.038,67
8,3.037,
13,3.037,70
3,3.036,52
3,3.036,78
4,3.036,73
10,3.036,61
5,3.035,63
5,3.035,
13,3.035,30
5,3.035,65
5,3.035,71
4,3.035,39
4,3.035,51
4,3.035,
4,3.035,
16,3.034,64
5,3.034,
3,3.033,66
4,3.033,
9,3.033,57
4,3.033,54
4,3.033,
4,3.033,52
17,3.033,76
11,3.033,58
5,3.032,60
8,3.032,64
5,3.031,66
8,3.031,63
8,3.031,65
4,3.031,73
4,3.031,72
10,3.031,62
6,3.031,66
3,3.03,66
3,3.03,71
8,3.03,
4,3.03,
4,3.03,
7,3.029,62
16,3.029,73
3,3.029,68
13,3.029,
4,3.029,
4,3.028,76
3,3.028,59
3,3.028,63
4,3.027,70
4,3.027,72
12,3.027,
5,3.027,16
5,3.027,47
3,3.026,58
3,3.026,
12,3.026,69
3,3.026,62
3,3.026,68
5,3.026,
6,3.026,68
4,3.025,
4,3.025,76
11,3.025,66
16,3.025,
4,3.024,
4,3.024,
4,3.023,68
3,3.023,
3,3.023,60
7,3.022,61
4,3.022,
4,3.022,
13,3.022,58
6,3.021,65
5,3.021,56
5,3.021,
5,3.021,
8,3.021,63
7,3.02,56
11,3.02,51
5,3.019,69
5,3.019,
5,3.019,
3,3.019,54
6,3.019,70
8,3.019,
8,3.019,
12,3.019,64
6,3.019,
3,3.018,
4,3.018,70
4,3.018,70
4,3.018,52
4,3.018,34
21,3.018,68
4,3.017,50
6,3.017,57
9,3.017,63
9,3.017,58
14,3.016,64
23,3.016,73
21,3.016,60
3,3.016,58
35,3.016,62
3,3.015,61
4,3.015,66
3,3.015,70
20,3.014,70
4,3.014,49
4,3.014,63
4,3.013,70
5,3.013,
4,3.013,68
4,3.013,56
8,3.013,46
5,3.013,61
6,3.013,60
5,3.013,70
5,3.013,62
6,3.013,65
10,3.012,69
4,3.012,67
4,3.012,71
4,3.012,
4,3.012,66
29,3.011,68
4,3.011,66
7,3.011,44
7,3.011,67
3,3.011,58
3,3.011,
7,3.01,51
4,3.01,49
5,3.01,64
11,3.01,71
3,3.01,62
3,3.01,43
13,3.01,
4,3.01,49
4,3.009,57
4,3.009,61
7,3.009,58
7,3.009,
4,3.009,78
4,3.009,71
4,3.008,54
4,3.008,53
12,3.007,64
22,3.007,57
4,3.007,60
6,3.006,58
8,3.006,72
4,3.006,55
4,3.006,57
9,3.006,58
9,3.006,59
3,3.006,69
3,3.006,58
3,3.006,54
6,3.006,64
3,3.005,65
3,3.005,67
6,3.005,69
2,3.004,
5,3.004,
6,3.004,42
6,3.004,39
5,3.003,
5,3.003,
29,3.003,69
3,3.003,66
8,3.003,55
4,3.001,27
4,3.001,19
4,3.001,70
4,3.001,67
3,3.001,68
11,3.001,65
4,3,70
4,3,58
3,3,
8,3,64
4,3,45
6,3,
2,3,54
2,3,70
2,3,
2,3,
2,3,56
2,3,59
2,3,53
2,3,72
2,3,
2,3,
2,3,56
4,3,67
2,3,62
2,3,53
2,3,67
2,3,67
2,3,37
4,3,36
4,3,35
4,3,76
4,3,75
2,3,62
2,3,65
2,3,51
2,3,70
2,3,72
2,3,64
2,3,67
4,3,71
2,3,57
2,3,57
5,3,74
5,3,77
2,3,69
2,3,73
3,3,70
3,3,59
3,3,69
3,3,60
2,3,60
4,3,63
2,3,70
2,3,66
4,3,49
4,3,56
3,2.999,62
3,2.999,64
4,2.999,67
2,2.999,77
3,2.999,49
2,2.999,58
2,2.999,66
2,2.999,57
2,2.999,15
2,2.999,79
2,2.999,64
2,2.999,65
9,2.999,59
9,2.999,57
2,2.999,65
2,2.999,57
2,2.999,
2,2.999,
2,2.999,
2,2.999,35
3,2.999,69
6,2.999,63
2,2.999,52
2,2.999,49
2,2.999,
2,2.999,
5,2.999,67
2,2.999,49
6,2.998,67
2,2.998,56
2,2.998,51
5,2.998,65
4,2.998,66
15,2.998,68
2,2.998,
3,2.998,70
5,2.998,54
5,2.997,
2,2.997,59
7,2.997,55
7,2.997,65
3,2.997,58
3,2.997,55
3,2.997,46
8,2.997,65
2,2.997,75
2,2.997,73
2,2.997,61
2,2.997,59
2,2.997,68
2,2.997,
3,2.997,59
5,2.997,
5,2.997,61
5,2.997,60
3,2.996,64
3,2.996,
4,2.996,28
2,2.996,57
2,2.996,65
2,2.996,57
4,2.996,69
6,2.996,56
3,2.996,60
2,2.996,
5,2.996,
5,2.996,
4,2.995,
4,2.995,
1,2.995,
1,2.995,
4,2.995,
4,2.995,
14,2.995,69
4,2.995,66
3,2.995,52
3,2.995,71
2,2.995,
2,2.995,
6,2.994,62
9,2.994,74
2,2.994,66
20,2.994,66
7,2.994,63
3,2.994,
3,2.994,
5,2.994,62
2,2.994,55
7,2.993,
6,2.993,64
2,2.993,61
2,2.992,65
4,2.992,
4,2.992,
4,2.992,28
4,2.992,61
9,2.992,44
6,2.992,
9,2.991,63
3,2.991,
3,2.991,
4,2.991,72
4,2.991,71
2,2.991,66
4,2.99,74
4,2.99,74
9,2.99,61
4,2.99,67
2,2.99,56
2,2.99,66
4,2.99,62
4,2.99,60
4,2.99,60
4,2.99,13
4,2.99,10
3,2.99,
4,2.99,51
4,2.989,58
13,2.989,
3,2.989,
3,2.989,
18,2.989,67
7,2.989,46
2,2.989,63
10,2.989,73
2,2.989,63
6,2.988,64
2,2.988,
5,2.988,43
3,2.988,68
4,2.988,60
5,2.988,
5,2.988,
3,2.987,71
3,2.987,67
2,2.987,56
3,2.987,62
12,2.987,68
5,2.987,67
31,2.986,58
6,2.986,45
4,2.985,
4,2.985,
4,2.985,67
4,2.985,61
2,2.985,
2,2.985,66
3,2.984,60
3,2.984,67
4,2.984,65
3,2.984,42
3,2.984,51
14,2.984,42
2,2.983,66
3,2.983,
3,2.983,68
4,2.982,73
3,2.982,57
2,2.981,
5,2.981,
3,2.981,63
3,2.981,63
12,2.981,69
3,2.981,67
3,2.981,62
4,2.981,69
4,2.981,71
2,2.981,63
5,2.98,51
5,2.98,66
4,2.98,69
4,2.98,70
3,2.98,
2,2.98,
16,2.98,70
9,2.98,49
2,2.98,
2,2.98,
4,2.98,58
8,2.979,
8,2.979,
3,2.978,
3,2.978,
2,2.978,78
8,2.978,60
2,2.978,73
2,2.978,73
7,2.978,64
5,2.978,
5,2.978,65
18,2.977,60
2,2.977,71
3,2.977,20
3,2.977,25
3,2.977,71
3,2.977,75
3,2.977,45
3,2.977,64
3,2.976,60
3,2.976,61
7,2.976,74
19,2.976,60
4,2.975,63
4,2.975,59
24,2.974,70
3,2.974,64
3,2.974,63
38,2.974,66
10,2.974,
5,2.973,56
8,2.973,67
5,2.973,55
5,2.973,56
4,2.973,67
4,2.973,64
3,2.973,
3,2.973,
25,2.972,61
4,2.972,57
4,2.972,56
10,2.972,63
3,2.972,39
3,2.972,24
3,2.972,57
3,2.972,59
24,2.971,64
8,2.971,
8,2.971,
3,2.971,
5,2.971,67
3,2.97,35
3,2.97,48
2,2.97,55
2,2.97,60
4,2.97,
6,2.97,75
3,2.97,62
3,2.969,60
4,2.969,65
4,2.969,62
11,2.968,27
4,2.968,64
2,2.968,69
11,2.968,47
11,2.968,36
15,2.968,59
19,2.967,67
4,2.967,74
4,2.967,66
7,2.966,65
2,2.966,
3,2.966,52
6,2.966,
4,2.966,60
4,2.966,57
4,2.965,64
9,2.964,31
2,2.964,
2,2.964,
6,2.964,71
6,2.964,
2,2.964,64
2,2.963,
4,2.963,71
2,2.962,39
2,2.962,31
8,2.962,
3,2.962,65
2,2.961,50
4,2.961,78
4,2.961,74
4,2.961,65
4,2.961,59
32,2.96,66
3,2.96,
3,2.96,
3,2.96,56
3,2.96,62
9,2.959,66
9,2.959,71
8,2.959,
8,2.959,24
11,2.959,67
6,2.959,54
4,2.959,55
4,2.959,54
7,2.958,68
3,2.958,64
3,2.958,66
3,2.958,
3,2.958,
15,2.958,68
3,2.958,59
4,2.957,53
13,2.957,62
4,2.957,60
4,2.957,68
3,2.956,63
3,2.956,64
3,2.955,68
3,2.955,65
13,2.955,68
4,2.955,55
4,2.955,55
6,2.954,59
6,2.954,65
2,2.953,55
2,2.953,
2,2.953,
12,2.953,73
3,2.953,52
3,2.953,75
3,2.952,73
3,2.952,
9,2.952,57
3,2.952,64
3,2.952,
3,2.951,59
3,2.951,70
9,2.951,52
3,2.951,70
11,2.951,51
13,2.951,62
1,2.95,
3,2.95,
3,2.95,74
3,2.95,
3,2.95,51
3,2.95,49
3,2.95,
1,2.95,
3,2.95,51
3,2.95,
2,2.95,54
2,2.95,69
2,2.95,
2,2.95,
3,2.95,66
3,2.95,61
2,2.95,
4,2.95,
4,2.95,
2,2.949,65
2,2.949,74
2,2.949,32
4,2.949,67
5,2.949,
3,2.949,62
3,2.948,67
3,2.948,51
6,2.948,
6,2.948,
2,2.948,63
2,2.948,62
2,2.948,63
2,2.948,
2,2.948,
4,2.948,58
4,2.947,
4,2.947,59
4,2.947,56
14,2.947,50
14,2.947,35
12,2.947,67
2,2.947,66
2,2.947,58
8,2.946,72
11,2.946,41
3,2.946,63
3,2.946,64
5,2.946,47
2,2.946,35
2,2.946,58
4,2.946,50
4,2.946,47
2,2.945,61
2,2.945,62
3,2.945,
5,2.945,66
2,2.945,
2,2.945,
2,2.945,52
2,2.945,65
3,2.944,
3,2.944,
3,2.944,71
3,2.943,58
3,2.943,67
6,2.943,39
2,2.943,74
3,2.943,71
4,2.942,62
4,2.942,62
22,2.942,68
2,2.942,
8,2.942,71
3,2.942,
5,2.941,53
3,2.941,55
7,2.941,59
2,2.94,76
2,2.94,
2,2.94,61
2,2.94,60
7,2.94,64
2,2.94,51
2,2.94,59
4,2.94,62
4,2.94,44
6,2.94,73
5,2.939,65
5,2.939,59
2,2.939,67
2,2.939,65
3,2.939,67
3,2.939,65
3,2.939,67
3,2.939,69
2,2.939,
4,2.939,59
4,2.939,62
2,2.938,77
2,2.938,84
2,2.938,62
2,2.938,61
25,2.937,67
2,2.937,56
2,2.937,56
2,2.937,76
2,2.937,68
2,2.937,69
2,2.937,67
2,2.937,60
2,2.937,
2,2.937,74
2,2.936,44
22,2.936,59
8,2.936,76
8,2.936,69
4,2.936,72
15,2.936,65
9,2.936,62
2,2.934,55
2,2.934,61
2,2.934,61
2,2.934,66
2,2.934,68
11,2.934,67
2,2.934,72
2,2.934,71
2,2.933,54
2,2.933,49
3,2.933,70
10,2.933,68
16,2.932,55
1,2.932,
1,2.932,
2,2.932,61
2,2.932,60
8,2.932,67
8,2.931,67
3,2.931,66
3,2.931,66
5,2.931,
5,2.931,
2,2.931,
2,2.931,85
2,2.931,80
8,2.931,57
17,2.93,76
17,2.93,57
2,2.93,68
12,2.93,
2,2.93,61
3,2.93,
4,2.929,56
2,2.929,52
2,2.928,66
2,2.928,61
2,2.928,
2,2.928,
4,2.928,
3,2.928,64
3,2.928,65
6,2.928,68
6,2.928,65
2,2.928,56
4,2.928,61
4,2.928,66
3,2.928,
2,2.927,59
2,2.927,66
3,2.927,
2,2.927,68
2,2.927,72
5,2.927,
5,2.927,67
2,2.926,59
5,2.926,
5,2.926,
22,2.926,70
3,2.925,69
3,2.925,57
2,2.925,65
4,2.925,59
3,2.924,73
3,2.924,75
2,2.924,67
2,2.924,65
3,2.923,77
5,2.923,64
7,2.923,53
3,2.923,67
3,2.923,65
3,2.923,51
2,2.922,
2,2.922,
2,2.922,71
2,2.922,73
5,2.922,72
5,2.922,69
2,2.922,52
2,2.922,33
2,2.922,73
2,2.922,74
2,2.922,63
2,2.922,62
3,2.921,53
3,2.921,55
3,2.921,
2,2.921,62
6,2.921,63
3,2.921,55
9,2.921,65
14,2.92,
14,2.92,
4,2.919,
2,2.919,68
2,2.919,66
5,2.919,72
1,2.918,
1,2.918,
6,2.918,56
4,2.918,56
4,2.918,63
8,2.918,
7,2.918,60
2,2.918,63
2,2.918,74
5,2.917,66
11,2.917,
21,2.917,58
3,2.917,65
4,2.917,50
3,2.917,51
4,2.917,70
4,2.917,61
2,2.916,
2,2.916,
3,2.916,42
5,2.916,56
3,2.916,66
2,2.916,65
6,2.916,65
3,2.916,65
3,2.916,69
4,2.916,
4,2.916,
4,2.916,63
2,2.915,63
2,2.915,59
4,2.915,58
3,2.915,58
3,2.915,69
3,2.914,73
4,2.914,69
4,2.914,75
2,2.914,
2,2.914,
4,2.914,60
4,2.914,73
4,2.914,61
4,2.914,62
7,2.913,71
7,2.913,60
2,2.913,61
2,2.913,
4,2.912,60
8,2.911,
8,2.911,
2,2.911,51
2,2.911,66
2,2.911,67
2,2.911,64
2,2.911,69
2,2.911,68
4,2.91,70
4,2.91,
5,2.91,63
2,2.91,49
13,2.91,58
2,2.909,61
6,2.908,62
8,2.908,59
4,2.908,81
4,2.908,72
4,2.907,72
4,2.907,66
8,2.906,
4,2.906,
5,2.905,
3,2.905,56
3,2.904,55
7,2.904,
4,2.904,61
4,2.903,
68,2.903,66
4,2.902,32
4,2.902,34
3,2.902,
5,2.902,60
3,2.902,61
2,2.902,63
2,2.901,57
2,2.901,64
2,2.901,58
3,2.901,74
3,2.901,60
3,2.901,57
2,2.901,49
2,2.9,70
5,2.9,73
4,2.9,
17,2.9,70
2,2.9,
2,2.9,54
2,2.9,63
2,2.9,67
2,2.9,55
2,2.9,
2,2.9,62
2,2.9,60
2,2.9,47
2,2.9,63
2,2.9,
2,2.9,
2,2.9,
6,2.9,32
6,2.9,28
2,2.9,70
2,2.9,70
2,2.9,63
2,2.9,50
2,2.9,58
16,2.9,66
7,2.9,35
7,2.9,
3,2.899,58
3,2.899,60
5,2.899,
2,2.899,
2,2.899,
2,2.899,35
2,2.899,47
2,2.899,
2,2.899,
4,2.899,80
2,2.899,
2,2.899,46
4,2.899,54
4,2.899,66
2,2.898,85
2,2.898,77
2,2.898,72
2,2.898,64
3,2.898,44
3,2.898,59
3,2.898,58
3,2.898,41
2,2.897,71
6,2.897,
2,2.897,
2,2.896,73
2,2.896,67
5,2.896,69
3,2.895,64
3,2.895,52
13,2.895,58
2,2.895,66
5,2.894,56
2,2.894,67
2,2.894,63
5,2.894,
5,2.894,
8,2.894,59
5,2.893,70
4,2.893,
2,2.892,
10,2.892,58
2,2.891,69
10,2.891,76
8,2.891,71
8,2.891,71
7,2.891,63
2,2.889,61
2,2.889,51
15,2.888,24
5,2.888,67
5,2.888,64
7,2.888,70
6,2.888,62
6,2.888,65
8,2.887,70
9,2.887,64
13,2.887,59
8,2.886,61
5,2.886,61
6,2.886,69
6,2.886,68
7,2.886,50
32,2.886,61
3,2.885,50
3,2.885,59
5,2.885,61
5,2.885,64
4,2.884,68
6,2.884,64
6,2.884,62
5,2.883,
5,2.883,
3,2.883,60
2,2.882,57
2,2.882,52
4,2.882,67
6,2.882,68
6,2.882,68
12,2.881,48
4,2.881,72
4,2.881,67
2,2.881,54
4,2.88,69
3,2.879,66
3,2.879,66
29,2.878,63
3,2.878,61
3,2.878,59
2,2.878,56
2,2.878,51
2,2.878,71
2,2.878,65
16,2.878,69
8,2.877,72
5,2.877,53
5,2.877,46
18,2.877,49
6,2.877,60
3,2.877,77
13,2.875,59
3,2.875,
6,2.875,55
2,2.873,
2,2.873,62
2,2.873,59
3,2.873,70
32,2.872,64
4,2.872,54
8,2.871,53
5,2.871,
14,2.871,58
6,2.871,64
6,2.871,66
8,2.871,
7,2.87,63
21,2.87,64
5,2.87,62
8,2.87,67
9,2.87,65
4,2.87,66
14,2.868,65
2,2.868,63
2,2.868,41
5,2.867,71
5,2.867,42
3,2.866,63
5,2.866,72
5,2.866,65
3,2.865,
4,2.864,61
4,2.864,64
11,2.863,65
6,2.862,
16,2.861,67
2,2.861,59
2,2.861,72
10,2.861,70
10,2.861,
5,2.861,
5,2.861,
6,2.86,59
7,2.859,45
29,2.859,67
6,2.859,66
5,2.856,
5,2.856,
6,2.855,
6,2.855,67
4,2.855,65
4,2.855,53
11,2.854,71
2,2.853,68
4,2.853,70
5,2.853,61
3,2.852,70
6,2.852,62
10,2.852,65
35,2.852,75
3,2.852,
2,2.852,63
2,2.852,68
6,2.851,
2,2.85,69
2,2.85,68
2,2.85,50
4,2.849,
4,2.849,62
4,2.847,67
7,2.847,74
5,2.845,
5,2.845,
10,2.842,67
5,2.84,73
2,2.839,61
11,2.838,62
4,2.836,65
11,2.833,49
10,2.833,68
7,2.83,51
4,2.827,70
4,2.826,62
4,2.826,58
20,2.824,71
23,2.824,
3,2.824,63
5,2.823,49
6,2.822,55
19,2.821,64
4,2.82,66
4,2.82,60
3,2.819,60
2,2.818,
2,2.818,59
4,2.817,
3,2.816,63
6,2.816,65
12,2.815,65
4,2.815,61
16,2.813,65
25,2.813,68
3,2.811,
6,2.811,
6,2.81,64
4,2.809,74
4,2.809,62
4,2.809,
5,2.807,71
2,2.805,
2,2.805,
4,2.805,65
4,2.803,63
2,2.802,
3,2.801,
4,2.8,65
2,2.8,60
4,2.8,53
54,2.798,70
3,2.794,68
3,2.794,65
11,2.793,59
6,2.792,
6,2.792,
9,2.789,58
11,2.789,69
7,2.787,57
5,2.786,76
5,2.786,67
22,2.783,50
23,2.778,57
15,2.777,67
18,2.776,71
6,2.771,73
13,2.77,58
5,2.764,53
4,2.751,71
5,2.75,
5,2.75,
11,2.749,63
8,2.744,68
54,2.736,69
5,2.733,
21,2.731,61
23,2.73,52
5,2.73,70
5,2.727,60
10,2.725,73
4,2.717,71
4,2.708,61
11,2.701,61
5,2.7,72
5,2.7,
11,2.7,79
8,2.7,
12,2.699,53
4,2.699,66
4,2.699,69
20,2.697,56
4,2.695,
4,2.695,
6,2.694,60
6,2.676,70
6,2.675,60
6,2.675,65
14,2.671,61
6,2.669,
6,2.669,
4,2.668,57
4,2.667,66
4,2.667,66
5,2.664,63
4,2.663,
12,2.656,67
5,2.655,49
3,2.646,51
3,2.646,51
5,2.641,67
4,2.639,61
5,2.637,52
5,2.637,59
7,2.633,61
9,2.631,25
5,2.624,
8,2.621,72
4,2.617,
4,2.617,68
3,2.613,64
3,2.613,60
4,2.606,65
4,2.605,
4,2.605,
4,2.602,
4,2.602,
3,2.6,41
3,2.6,54
3,2.6,
3,2.599,68
4,2.598,53
5,2.598,67
6,2.597,59
6,2.597,60
3,2.597,57
9,2.596,54
9,2.596,58
3,2.596,75
19,2.592,69
3,2.591,47
8,2.591,59
4,2.59,39
4,2.589,60
8,2.588,67
9,2.585,77
5,2.582,62
5,2.582,66
2,2.578,64
2,2.578,65
4,2.576,70
4,2.576,72
4,2.573,64
6,2.571,63
6,2.569,73
6,2.569,
6,2.568,
7,2.564,70
5,2.564,70
5,2.564,71
3,2.562,46
3,2.562,42
5,2.561,
5,2.561,
6,2.559,57
6,2.559,
4,2.559,72
1,2.55,
3,2.55,29
3,2.549,
3,2.549,
3,2.549,
3,2.548,60
3,2.548,57
4,2.548,67
3,2.547,66
6,2.546,58
6,2.546,
5,2.543,58
5,2.543,57
6,2.54,47
4,2.532,
8,2.525,
3,2.523,
5,2.522,61
5,2.522,48
3,2.522,66
3,2.522,63
3,2.518,53
4,2.517,62
3,2.513,61
3,2.513,60
4,2.513,70
4,2.513,
2,2.512,58
2,2.512,37
6,2.51,61
4,2.508,
4,2.508,
8,2.507,69
4,2.507,64
4,2.507,65
6,2.505,61
3,2.504,
3,2.504,
3,2.504,
4,2.504,67
4,2.504,69
5,2.5,52
2,2.5,71
2,2.5,70
4,2.5,28
2,2.5,70
2,2.5,56
2,2.5,51
2,2.5,63
2,2.5,65
2,2.5,71
2,2.5,72
2,2.5,63
2,2.5,60
2,2.5,54
2,2.5,69
2,2.5,68
2,2.5,73
2,2.5,58
2,2.5,59
2,2.5,63
2,2.5,60
2,2.5,65
2,2.5,57
4,2.5,
2,2.5,24
2,2.5,52
2,2.5,46
2,2.5,
6,2.5,
3,2.5,69
2,2.5,53
2,2.5,46
4,2.5,29
2,2.499,52
2,2.499,
2,2.499,
2,2.499,
4,2.499,
3,2.499,91
2,2.499,65
3,2.499,68
2,2.499,67
2,2.499,51
2,2.499,53
2,2.499,56
6,2.498,
2,2.498,
4,2.498,64
2,2.498,66
5,2.498,66
2,2.497,78
6,2.497,
6,2.497,65
2,2.497,71
3,2.496,57
4,2.496,61
2,2.496,57
6,2.496,62
6,2.496,61
4,2.496,62
6,2.495,
4,2.495,66
2,2.495,
2,2.495,
6,2.494,
6,2.493,
6,2.493,
4,2.493,
8,2.493,69
4,2.492,68
4,2.489,72
4,2.489,77
5,2.488,56
5,2.488,51
3,2.487,67
3,2.487,64
5,2.487,
6,2.484,76
2,2.484,78
2,2.484,75
4,2.482,69
4,2.481,
4,2.481,62
4,2.479,69
4,2.479,64
6,2.478,
6,2.478,62
4,2.475,71
4,2.475,66
3,2.471,
3,2.471,
5,2.465,
5,2.465,
3,2.462,67
5,2.461,57
5,2.461,66
3,2.453,78
1,2.45,
1,2.45,
1,2.45,
1,2.45,
2,2.45,54
2,2.45,59
2,2.449,
2,2.449,
3,2.448,
3,2.448,
6,2.447,
6,2.447,
13,2.443,67
2,2.438,28
2,2.437,69
3,2.437,
3,2.437,
6,2.436,
2,2.435,68
2,2.435,70
2,2.435,71
2,2.435,73
6,2.435,
6,2.435,
3,2.432,
2,2.428,50
2,2.428,63
2,2.427,58
2,2.422,73
2,2.422,72
2,2.422,72
2,2.422,71
3,2.421,
3,2.421,59
3,2.419,65
3,2.419,69
7,2.418,57
6,2.416,50
2,2.412,
2,2.412,
4,2.411,66
6,2.402,66
2,2.4,60
2,2.4,64
2,2.4,65
2,2.4,55
5,2.394,63
2,2.392,56
2,2.392,49
4,2.39,
4,2.39,
3,2.387,55
3,2.387,61
3,2.378,
3,2.378,68
4,2.365,66
4,2.365,71
6,2.355,55
3,2.352,74
6,2.351,
6,2.351,
4,2.35,28
4,2.35,31
6,2.349,59
5,2.343,73
6,2.321,60
2,2.314,56
6,2.31,65
5,2.23,64
6,2.213,52
6,2.194,54
3,2,48
2,2,53
2,2,63
2,2,59
2,1.999,62
6,1.986,44
2,1.95,55
2,1.95,60
3,1.6,56
3,1.6,
2,1.5,
